#Parent, Energy_Parent, Daughter, Energy_Daughter, Partial Lifetime, efrac_1, efrac_2
GAMMA
60ZN, 1004.0199999999999, 0.0, 2.181532403884396e-14
60ZN, 1005.0199999999998, 0.0, 2.181532403884396e-14
60ZN, 2780.02, 0.0, 2.0177553014929033e-14
60ZN, 2781.0200000000004, 0.0, 2.0177553014929033e-14
60ZN, 3120.0200000000004, 0.0, 1.6173078699198978e-14
60ZN, 3121.02, 0.0, 1.6173078699198978e-14
60ZN, 3141.01, 0.0, 3.2821978503041784e-15
60ZN, 3566.0099999999998, 0.0, 3.147381805097308e-15
60ZN, 3739.02, 0.0, 1.2731372473887813e-14
60ZN, 3740.0200000000004, 0.0, 1.2731372473887813e-14
60ZN, 3845.03, 0.0, 1.1895253495138613e-14
60ZN, 4080.02, 0.0, 1.1787041239568782e-14
60ZN, 4081.0200000000004, 0.0, 1.1787041239568782e-14
60ZN, 4143.0199999999995, 0.0, 1.1694477238646861e-14
60ZN, 4144.02, 0.0, 1.1694477238646861e-14
60ZN, 4196.03, 0.0, 1.079584636290574e-14
60ZN, 4396.03, 0.0, 1.0413757505616554e-14
60ZN, 4445.01, 0.0, 3.3001351561794935e-15
60ZN, 4448.02, 0.0, 1.1318235008167826e-14
60ZN, 4449.0199999999995, 0.0, 1.1318235008167826e-14
60ZN, 4644.02, 0.0, 1.121487037024416e-14
60ZN, 4645.0199999999995, 0.0, 1.121487037024416e-14
60ZN, 4696.03, 0.0, 1.0092643894996703e-14
60ZN, 4763.03, 0.0, 1.0042291543085561e-14
60ZN, 4829.009999999999, 0.0, 3.528151570004288e-15
60ZN, 4852.02, 0.0, 1.121219584192147e-14
60ZN, 4853.0199999999995, 0.0, 1.121219584192147e-14
60ZN, 4949.03, 0.0, 1.0013721940941108e-14
60ZN, 5011.03, 0.0, 1.0023786749409882e-14
60ZN, 5065.01, 0.0, 3.721444885509131e-15
60ZN, 5175.0199999999995, 0.0, 1.142154049003106e-14
60ZN, 5176.02, 0.0, 1.142154049003106e-14
60ZN, 5197.03, 0.0, 1.007966121345768e-14
60ZN, 5212.009999999999, 0.0, 3.857313390178153e-15
60ZN, 5321.03, 0.0, 1.018194689303117e-14
60ZN, 5438.0199999999995, 0.0, 1.1723012038042994e-14
60ZN, 5439.02, 0.0, 1.1723012038042994e-14
60ZN, 5442.02, 0.0, 1.1723012038042994e-14
60ZN, 5443.0199999999995, 0.0, 1.1723012038042994e-14
60ZN, 5488.03, 0.0, 1.032829570368278e-14
60ZN, 5492.03, 0.0, 1.032829570368278e-14
60ZN, 5508.009999999999, 0.0, 4.118973447434293e-15
60ZN, 5588.02, 0.0, 1.1961400685105764e-14
60ZN, 5589.02, 0.0, 1.1961400685105764e-14
60ZN, 5588.009999999999, 0.0, 4.236416019180022e-15
60ZN, 5605.02, 0.0, 1.1961400685105764e-14
60ZN, 5606.02, 0.0, 1.1961400685105764e-14
60ZN, 5791.02, 0.0, 1.2345023386098503e-14
60ZN, 5792.0199999999995, 0.0, 1.2345023386098503e-14
60ZN, 5886.03, 0.0, 1.0925042439583057e-14
60ZN, 5919.03, 0.0, 1.102034183702513e-14
60ZN, 5930.0199999999995, 0.0, 1.2681578269078859e-14
60ZN, 5931.02, 0.0, 1.2681578269078859e-14
60ZN, 5993.01, 0.0, 4.788040713610242e-15
60ZN, 6014.02, 0.0, 1.2929186526940226e-14
60ZN, 6015.0199999999995, 0.0, 1.2929186526940226e-14
60ZN, 6049.03, 0.0, 1.122462409447476e-14
60ZN, 6055.0199999999995, 0.0, 1.2929186526940226e-14
60ZN, 6056.02, 0.0, 1.2929186526940226e-14
60ZN, 6058.03, 0.0, 1.122462409447476e-14
60ZN, 6074.0199999999995, 0.0, 1.3060020176987638e-14
60ZN, 6075.02, 0.0, 1.3060020176987638e-14
60ZN, 6135.009999999999, 0.0, 5.031047595352748e-15
60ZN, 6143.03, 0.0, 1.1447363552409606e-14
60ZN, 6195.02, 0.0, 1.3335736712117833e-14
60ZN, 6196.0199999999995, 0.0, 1.3335736712117833e-14
60ZN, 6248.02, 0.0, 1.3481043664106502e-14
60ZN, 6249.0199999999995, 0.0, 1.3481043664106502e-14
60ZN, 6251.01, 0.0, 5.205314012653223e-15
60ZN, 6289.03, 0.0, 1.1816030103222332e-14
60ZN, 6334.03, 0.0, 1.1948372729088004e-14
60ZN, 6343.02, 0.0, 1.3785409699038683e-14
60ZN, 6344.02, 0.0, 1.3785409699038683e-14
60ZN, 6344.03, 0.0, 1.1948372729088004e-14
60ZN, 6360.02, 0.0, 1.3944873136162368e-14
60ZN, 6361.0199999999995, 0.0, 1.3944873136162368e-14
60ZN, 6364.009999999999, 0.0, 5.485556770564213e-15
60ZN, 6381.03, 0.0, 1.2085488439858251e-14
60ZN, 6415.02, 0.0, 1.4108976183229013e-14
60ZN, 6416.02, 0.0, 1.4108976183229013e-14
60ZN, 6442.02, 0.0, 1.4108976183229013e-14
60ZN, 6443.0199999999995, 0.0, 1.4108976183229013e-14
60ZN, 6453.01, 0.0, 5.58469333870694e-15
60ZN, 6535.01, 0.0, 5.790551217559602e-15
60ZN, 6552.0199999999995, 0.0, 1.4452221080713154e-14
60ZN, 6553.02, 0.0, 1.4452221080713154e-14
60ZN, 6564.02, 0.0, 1.463148439292224e-14
60ZN, 6565.02, 0.0, 1.463148439292224e-14
60ZN, 6568.03, 0.0, 1.2681333941507397e-14
60ZN, 6589.03, 0.0, 1.2681333941507397e-14
60ZN, 6589.02, 0.0, 1.463148439292224e-14
60ZN, 6590.02, 0.0, 1.463148439292224e-14
60ZN, 6646.009999999999, 0.0, 6.00777616739686e-15
60ZN, 6682.02, 0.0, 1.500471782661226e-14
60ZN, 6683.0199999999995, 0.0, 1.500471782661226e-14
60ZN, 6683.03, 0.0, 1.3008912720121746e-14
60ZN, 6709.0199999999995, 0.0, 1.500471782661226e-14
60ZN, 6710.02, 0.0, 1.5199093818408533e-14
60ZN, 6719.01, 0.0, 6.2372022827631944e-15
60ZN, 6733.0199999999995, 0.0, 1.5199093818408533e-14
60ZN, 6734.02, 0.0, 1.5199093818408533e-14
60ZN, 6758.02, 0.0, 1.5199093818408533e-14
60ZN, 6759.02, 0.0, 1.5199093818408533e-14
60ZN, 6794.03, 0.0, 1.2904851620429369e-14
60ZN, 6796.03, 0.0, 1.2904851620429369e-14
60ZN, 6856.03, 0.0, 1.3071951162790697e-14
60ZN, 6864.009999999999, 0.0, 6.358307157071097e-15
60ZN, 6890.0199999999995, 0.0, 1.5236740593532256e-14
60ZN, 6891.02, 0.0, 1.5236740593532256e-14
60ZN, 6915.02, 0.0, 1.537806543853091e-14
60ZN, 6916.02, 0.0, 1.537806543853091e-14
60ZN, 6928.03, 0.0, 1.3395171901583296e-14
60ZN, 6956.01, 0.0, 6.4473695454990695e-15
60ZN, 6976.02, 0.0, 1.5522036479188772e-14
60ZN, 6977.02, 0.0, 1.5522036479188772e-14
60ZN, 6992.009999999999, 0.0, 6.538312872752557e-15
60ZN, 7001.03, 0.0, 1.35498683924491e-14
60ZN, 7036.03, 0.0, 1.3708465206706238e-14
60ZN, 7080.03, 0.0, 1.3864682919071492e-14
60ZN, 7106.02, 0.0, 1.5813659680945628e-14
60ZN, 7107.02, 0.0, 1.5813659680945628e-14
60ZN, 7124.03, 0.0, 1.4024800922611437e-14
60ZN, 7127.0199999999995, 0.0, 1.596129678694408e-14
60ZN, 7128.02, 0.0, 1.596129678694408e-14
60ZN, 7155.03, 0.0, 1.4024800922611437e-14
60ZN, 7176.02, 0.0, 1.611211095907177e-14
60ZN, 7177.0199999999995, 0.0, 1.611211095907177e-14
60ZN, 7183.009999999999, 0.0, 6.91304713537017e-15
60ZN, 7190.03, 0.0, 1.4188660420349212e-14
60ZN, 7202.02, 0.0, 1.611211095907177e-14
60ZN, 7203.02, 0.0, 1.611211095907177e-14
60ZN, 7210.009999999999, 0.0, 7.0087416747415156e-15
60ZN, 7212.03, 0.0, 1.4350134230836312e-14
60ZN, 7232.03, 0.0, 1.4350134230836312e-14
60ZN, 7241.0199999999995, 0.0, 1.6259775126602603e-14
60ZN, 7242.02, 0.0, 1.6259775126602603e-14
60ZN, 7242.03, 0.0, 1.4350134230836312e-14
60ZN, 7268.03, 0.0, 1.4515325649450888e-14
60ZN, 7296.03, 0.0, 1.4515325649450888e-14
60ZN, 7321.0199999999995, 0.0, 1.6565876145773032e-14
60ZN, 7322.02, 0.0, 1.6565876145773032e-14
60ZN, 7346.009999999999, 0.0, 7.206174259908036e-15
60ZN, 7358.0199999999995, 0.0, 1.6565876145773032e-14
60ZN, 7359.02, 0.0, 1.6565876145773032e-14
60ZN, 7385.0199999999995, 0.0, 1.6717767878187546e-14
60ZN, 7386.02, 0.0, 1.6717767878187546e-14
60ZN, 7411.0199999999995, 0.0, 1.6873335817375476e-14
60ZN, 7412.02, 0.0, 1.6873335817375476e-14
60ZN, 7416.03, 0.0, 1.502389712400995e-14
60ZN, 7445.01, 0.0, 7.407125170489072e-15
60ZN, 7461.03, 0.0, 1.5199444796212906e-14
60ZN, 7468.009999999999, 0.0, 7.510662812510696e-15
60ZN, 7494.0199999999995, 0.0, 1.703226696597231e-14
60ZN, 7495.02, 0.0, 1.703226696597231e-14
60ZN, 7509.03, 0.0, 1.5199444796212906e-14
60ZN, 7512.0199999999995, 0.0, 1.7188832342725826e-14
60ZN, 7513.02, 0.0, 1.7188832342725826e-14
60ZN, 7534.03, 0.0, 1.537339616723111e-14
60ZN, 7540.03, 0.0, 1.537339616723111e-14
60ZN, 7581.03, 0.0, 1.555137523685765e-14
60ZN, 7584.009999999999, 0.0, 7.719603083328445e-15
60ZN, 7590.02, 0.0, 1.7349217346266375e-14
60ZN, 7591.02, 0.0, 1.7349217346266375e-14
60ZN, 7606.03, 0.0, 1.555137523685765e-14
60ZN, 7636.02, 0.0, 1.7513089530119197e-14
60ZN, 7637.0199999999995, 0.0, 1.7513089530119197e-14
60ZN, 7649.02, 0.0, 1.7513089530119197e-14
60ZN, 7650.02, 0.0, 1.7513089530119197e-14
60ZN, 7658.01, 0.0, 7.827190811363608e-15
60ZN, 7661.03, 0.0, 1.59138308285583e-14
60ZN, 7696.009999999999, 0.0, 7.934662064517684e-15
60ZN, 7715.02, 0.0, 1.783917274846193e-14
60ZN, 7716.02, 0.0, 1.783917274846193e-14
60ZN, 7723.03, 0.0, 1.6098318705211924e-14
60ZN, 7742.02, 0.0, 1.783917274846193e-14
60ZN, 7743.02, 0.0, 1.783917274846193e-14
60ZN, 7777.03, 0.0, 1.62879403355522e-14
60ZN, 7788.03, 0.0, 1.62879403355522e-14
60ZN, 7803.009999999999, 0.0, 8.156079860474336e-15
60ZN, 7808.0199999999995, 0.0, 1.8008042376405567e-14
60ZN, 7809.02, 0.0, 1.8008042376405567e-14
60ZN, 7811.009999999999, 0.0, 8.267748039240315e-15
60ZN, 7817.02, 0.0, 1.817461776286724e-14
60ZN, 7818.0199999999995, 0.0, 1.817461776286724e-14
60ZN, 7879.03, 0.0, 1.666696943431581e-14
60ZN, 7886.02, 0.0, 1.8344303584069562e-14
60ZN, 7887.0199999999995, 0.0, 1.8344303584069562e-14
60ZN, 7901.03, 0.0, 1.666696943431581e-14
60ZN, 7905.02, 0.0, 1.8344303584069562e-14
60ZN, 7906.0199999999995, 0.0, 1.8344303584069562e-14
60ZN, 7925.009999999999, 0.0, 8.497552988032378e-15
60ZN, 7938.03, 0.0, 1.6863393033920885e-14
60ZN, 7948.02, 0.0, 1.8518229712469054e-14
60ZN, 7949.0199999999995, 0.0, 1.8518229712469054e-14
60ZN, 7959.009999999999, 0.0, 8.497552988032378e-15
60ZN, 7966.03, 0.0, 1.7057868113613392e-14
60ZN, 7988.03, 0.0, 1.7057868113613392e-14
60ZN, 8010.019999999999, 0.0, 1.8865887726790677e-14
60ZN, 8011.019999999999, 0.0, 1.8865887726790677e-14
60ZN, 8010.009999999999, 0.0, 8.731686037780902e-15
60ZN, 8023.019999999999, 0.0, 1.8865887726790677e-14
60ZN, 8024.019999999999, 0.0, 1.8865887726790677e-14
60ZN, 8029.030000000001, 0.0, 1.7257333496762014e-14
60ZN, 8058.019999999999, 0.0, 1.8865887726790677e-14
60ZN, 8059.019999999999, 0.0, 1.8865887726790677e-14
60ZN, 8078.019999999999, 0.0, 1.904603596458231e-14
60ZN, 8079.0199999999995, 0.0, 1.904603596458231e-14
60ZN, 8081.009999999999, 0.0, 8.852646289272648e-15
60ZN, 8083.0199999999995, 0.0, 1.904603596458231e-14
60ZN, 8084.019999999999, 0.0, 1.904603596458231e-14
60ZN, 8088.03, 0.0, 1.7461518952115663e-14
60ZN, 8103.030000000001, 0.0, 1.7461518952115663e-14
60ZN, 8120.019999999999, 0.0, 1.922291863263339e-14
60ZN, 8121.0199999999995, 0.0, 1.922291863263339e-14
60ZN, 8121.030000000001, 0.0, 1.7663481024581362e-14
60ZN, 8127.01, 0.0, 8.972844169529419e-15
60ZN, 8163.01, 0.0, 9.09534541371877e-15
60ZN, 8164.030000000001, 0.0, 1.7870169600629866e-14
60ZN, 8170.0199999999995, 0.0, 1.9403689549554863e-14
60ZN, 8171.019999999999, 0.0, 1.9403689549554863e-14
60ZN, 8173.009999999999, 0.0, 9.09534541371877e-15
60ZN, 8182.030000000001, 0.0, 1.7870169600629866e-14
60ZN, 8182.01, 0.0, 9.09534541371877e-15
60ZN, 8189.0199999999995, 0.0, 1.9403689549554863e-14
60ZN, 8190.019999999999, 0.0, 1.9403689549554863e-14
60ZN, 8201.03, 0.0, 1.7870169600629866e-14
60ZN, 8212.03, 0.0, 1.808175256579309e-14
60ZN, 8226.02, 0.0, 1.958847559371466e-14
60ZN, 8227.02, 0.0, 1.958847559371466e-14
60ZN, 8247.03, 0.0, 1.808175256579309e-14
60ZN, 8255.02, 0.0, 1.958847559371466e-14
60ZN, 8256.019999999999, 0.0, 1.958847559371466e-14
60ZN, 8264.019999999999, 0.0, 1.9772656339932106e-14
60ZN, 8265.02, 0.0, 1.9772656339932106e-14
60ZN, 8266.03, 0.0, 1.8293320277368608e-14
60ZN, 8294.03, 0.0, 1.8293320277368608e-14
60ZN, 8298.019999999999, 0.0, 1.9772656339932106e-14
60ZN, 8299.019999999999, 0.0, 1.9772656339932106e-14
60ZN, 8306.03, 0.0, 1.8293320277368608e-14
60ZN, 8315.019999999999, 0.0, 1.9959728201473756e-14
60ZN, 8316.02, 0.0, 1.9959728201473756e-14
60ZN, 8318.03, 0.0, 1.8508336104940527e-14
60ZN, 8325.019999999999, 0.0, 1.9959728201473756e-14
60ZN, 8326.02, 0.0, 1.9959728201473756e-14
60ZN, 8328.03, 0.0, 1.8508336104940527e-14
60ZN, 8350.009999999998, 0.0, 9.473401797639608e-15
60ZN, 8363.009999999998, 0.0, 9.603325895827253e-15
60ZN, 8374.01, 0.0, 9.603325895827253e-15
60ZN, 8381.019999999999, 0.0, 2.0150990598212097e-14
60ZN, 8382.019999999999, 0.0, 2.0150990598212097e-14
60ZN, 8392.03, 0.0, 1.8728466550007112e-14
60ZN, 8394.01, 0.0, 9.603325895827253e-15
60ZN, 8401.019999999999, 0.0, 2.0150990598212097e-14
60ZN, 8402.019999999999, 0.0, 2.0150990598212097e-14
60ZN, 8402.03, 0.0, 1.8728466550007112e-14
60ZN, 8425.02, 0.0, 2.033903828255361e-14
60ZN, 8426.019999999999, 0.0, 2.033903828255361e-14
60ZN, 8437.03, 0.0, 1.8946258222273392e-14
60ZN, 8445.03, 0.0, 1.8946258222273392e-14
60ZN, 8475.03, 0.0, 1.9170291448958787e-14
60ZN, 8482.019999999999, 0.0, 2.0532550048351374e-14
60ZN, 8483.02, 0.0, 2.0532550048351374e-14
60ZN, 8487.019999999999, 0.0, 2.0532550048351374e-14
60ZN, 8488.019999999999, 0.0, 2.0532550048351374e-14
60ZN, 8489.03, 0.0, 1.9170291448958787e-14
60ZN, 8508.009999999998, 0.0, 9.864843560691216e-15
60ZN, 8512.03, 0.0, 1.939911455643973e-14
60ZN, 8532.03, 0.0, 1.939911455643973e-14
60ZN, 8537.02, 0.0, 2.0730432329690404e-14
60ZN, 8538.019999999999, 0.0, 2.0730432329690404e-14
60ZN, 8547.03, 0.0, 1.939911455643973e-14
60ZN, 8556.03, 0.0, 1.939911455643973e-14
60ZN, 8559.019999999999, 0.0, 2.0730432329690404e-14
60ZN, 8560.02, 0.0, 2.0925511266889207e-14
60ZN, 8567.01, 0.0, 1.0134601396523318e-14
60ZN, 8568.009999999998, 0.0, 1.0134601396523318e-14
60ZN, 8579.02, 0.0, 2.0925511266889207e-14
60ZN, 8580.019999999999, 0.0, 2.0925511266889207e-14
60ZN, 8580.01, 0.0, 1.0134601396523318e-14
60ZN, 8591.019999999999, 0.0, 2.0925511266889207e-14
60ZN, 8592.02, 0.0, 2.0925511266889207e-14
60ZN, 8592.03, 0.0, 1.9627026386569652e-14
60ZN, 8594.03, 0.0, 1.9627026386569652e-14
60ZN, 8595.01, 0.0, 1.0134601396523318e-14
60ZN, 8607.03, 0.0, 1.9627026386569652e-14
60ZN, 8624.02, 0.0, 2.112361864249037e-14
60ZN, 8625.019999999999, 0.0, 2.112361864249037e-14
60ZN, 8635.019999999999, 0.0, 2.112361864249037e-14
60ZN, 8636.019999999999, 0.0, 2.112361864249037e-14
60ZN, 8644.019999999999, 0.0, 2.112361864249037e-14
60ZN, 8645.019999999999, 0.0, 2.112361864249037e-14
60ZN, 8646.02, 0.0, 2.112361864249037e-14
60ZN, 8647.019999999999, 0.0, 2.112361864249037e-14
60ZN, 8652.03, 0.0, 1.985736135698555e-14
60ZN, 8658.009999999998, 0.0, 1.0270760492151172e-14
60ZN, 8676.03, 0.0, 2.009500707983514e-14
60ZN, 8679.03, 0.0, 2.009500707983514e-14
60ZN, 8681.019999999999, 0.0, 2.1326894887081617e-14
60ZN, 8682.02, 0.0, 2.1326894887081617e-14
60ZN, 8695.02, 0.0, 2.1326894887081617e-14
60ZN, 8696.019999999999, 0.0, 2.1326894887081617e-14
60ZN, 8697.009999999998, 0.0, 1.0410463367918261e-14
60ZN, 8699.03, 0.0, 2.009500707983514e-14
60ZN, 8711.02, 0.0, 2.1527782727718722e-14
60ZN, 8712.019999999999, 0.0, 2.1527782727718722e-14
60ZN, 8717.02, 0.0, 2.1527782727718722e-14
60ZN, 8718.019999999999, 0.0, 2.1527782727718722e-14
60ZN, 8728.019999999999, 0.0, 2.1527782727718722e-14
60ZN, 8729.019999999999, 0.0, 2.1527782727718722e-14
60ZN, 8731.03, 0.0, 2.0330243294415616e-14
60ZN, 8732.009999999998, 0.0, 1.054962105558405e-14
60ZN, 8738.03, 0.0, 2.0330243294415616e-14
60ZN, 8753.03, 0.0, 2.0330243294415616e-14
60ZN, 8758.019999999999, 0.0, 2.1527782727718722e-14
60ZN, 8759.02, 0.0, 2.1527782727718722e-14
60ZN, 8761.009999999998, 0.0, 1.069202834424392e-14
60ZN, 8762.03, 0.0, 2.0572338080950145e-14
60ZN, 8785.019999999999, 0.0, 2.1733926263826975e-14
60ZN, 8786.019999999999, 0.0, 2.1733926263826975e-14
60ZN, 8797.03, 0.0, 2.0572338080950145e-14
60ZN, 8800.02, 0.0, 2.1733926263826975e-14
60ZN, 8801.019999999999, 0.0, 2.1733926263826975e-14
60ZN, 8818.03, 0.0, 2.0820268137534e-14
60ZN, 8825.03, 0.0, 2.0820268137534e-14
60ZN, 8837.019999999999, 0.0, 2.19447875208375e-14
60ZN, 8838.019999999999, 0.0, 2.19447875208375e-14
60ZN, 8854.03, 0.0, 2.0820268137534e-14
60ZN, 8855.01, 0.0, 1.0837262198695996e-14
60ZN, 8862.019999999999, 0.0, 2.2150831462224465e-14
60ZN, 8863.019999999999, 0.0, 2.2150831462224465e-14
60ZN, 8869.019999999999, 0.0, 2.2150831462224465e-14
60ZN, 8870.019999999999, 0.0, 2.2150831462224465e-14
60ZN, 8882.009999999998, 0.0, 1.098063088100362e-14
60ZN, 8889.03, 0.0, 2.1063456651412845e-14
60ZN, 8895.019999999999, 0.0, 2.2150831462224465e-14
60ZN, 8896.02, 0.0, 2.2150831462224465e-14
60ZN, 8899.03, 0.0, 2.1063456651412845e-14
60ZN, 8906.01, 0.0, 1.098063088100362e-14
60ZN, 8908.009999999998, 0.0, 1.098063088100362e-14
60ZN, 8913.03, 0.0, 2.1314463809462128e-14
60ZN, 8921.019999999999, 0.0, 2.2363060404987598e-14
60ZN, 8922.02, 0.0, 2.2363060404987598e-14
60ZN, 8946.019999999999, 0.0, 2.2363060404987598e-14
60ZN, 8947.019999999999, 0.0, 2.2363060404987598e-14
60ZN, 8949.03, 0.0, 2.1314463809462128e-14
60ZN, 8952.019999999999, 0.0, 2.2363060404987598e-14
60ZN, 8953.019999999999, 0.0, 2.2363060404987598e-14
60ZN, 8965.03, 0.0, 2.1570111646731115e-14
60ZN, 8985.03, 0.0, 2.1570111646731115e-14
60ZN, 8992.02, 0.0, 2.257939545470138e-14
60ZN, 8993.02, 0.0, 2.257939545470138e-14
60ZN, 8995.009999999998, 0.0, 1.1277704696388185e-14
60ZN, 9009.01, 0.0, 1.1277704696388185e-14
60ZN, 9011.019999999999, 0.0, 2.279442986909544e-14
60ZN, 9012.02, 0.0, 2.279442986909544e-14
60ZN, 9018.01, 0.0, 1.1427886120804902e-14
60ZN, 9027.03, 0.0, 2.1825451187081373e-14
60ZN, 9027.009999999998, 0.0, 1.1427886120804902e-14
60ZN, 9049.009999999998, 0.0, 1.1427886120804902e-14
60ZN, 9071.01, 0.0, 1.1578861430883439e-14
60ZN, 9120.009999999998, 0.0, 1.1734716031092332e-14
60ZN, 9132.009999999998, 0.0, 1.1734716031092332e-14
60ZN, 9172.01, 0.0, 1.1888163651633644e-14
60ZN, 9217.01, 0.0, 1.2046118425724273e-14
60ZN, 9252.01, 0.0, 1.2046118425724273e-14
60ZN, 9259.01, 0.0, 1.2046118425724273e-14
60ZN, 9273.009999999998, 0.0, 1.220606317848864e-14
60ZN, 9295.01, 0.0, 1.220606317848864e-14
60ZN, 9342.01, 0.0, 1.2362645221817361e-14
60ZN, 9364.01, 0.0, 1.2526395099531838e-14
60ZN, 9367.01, 0.0, 1.2526395099531838e-14
60ZN, 9397.01, 0.0, 1.2526395099531838e-14
60ZN, 9424.009999999998, 0.0, 1.2690625012532293e-14
60ZN, 9463.009999999998, 0.0, 1.2852188013043308e-14
60ZN, 9483.01, 0.0, 1.2852188013043308e-14
60ZN, 9525.01, 0.0, 1.3021008049455983e-14
60ZN, 9544.01, 0.0, 1.3021008049455983e-14
60ZN, 9564.01, 0.0, 1.3189298805730887e-14
60ZN, 9570.01, 0.0, 1.3189298805730887e-14
60ZN, 9592.01, 0.0, 1.3189298805730887e-14
60ZN, 9605.01, 0.0, 1.3189298805730887e-14
60ZN, 9640.01, 0.0, 1.3354676829589952e-14
60ZN, 9659.01, 0.0, 1.3354676829589952e-14
60ZN, 9670.01, 0.0, 1.3525922300310298e-14
60ZN, 9712.01, 0.0, 1.3704469318536716e-14
60ZN, 9737.01, 0.0, 1.3704469318536716e-14
60ZN, 9752.01, 0.0, 1.3704469318536716e-14
60ZN, 9765.01, 0.0, 1.387140327706476e-14
60ZN, 9821.01, 0.0, 1.4051747510780923e-14
60ZN, 9839.01, 0.0, 1.4051747510780923e-14
60ZN, 9850.009999999998, 0.0, 1.4051747510780923e-14
60ZN, 9869.01, 0.0, 1.4229456231489286e-14
60ZN, 9880.01, 0.0, 1.4229456231489286e-14
60ZN, 9893.01, 0.0, 1.4229456231489286e-14
60ZN, 9922.01, 0.0, 1.4400681665827992e-14
60ZN, 9945.01, 0.0, 1.4400681665827992e-14
60ZN, 9957.01, 0.0, 1.4400681665827992e-14
60ZN, 9961.01, 0.0, 1.4583829058560254e-14
60ZN, 9989.01, 0.0, 1.4583829058560254e-14
60ZN, 10021.01, 0.0, 1.476738663062012e-14
ELECTRON_CAPTURE
60GA, 0.0, 60ZN, 2780.02, 8.996849483247956, 1.0, 0.
60GA, 0.0, 60ZN, 2781.0200000000004, 2287581.699346406, 1.0, 0.
60GA, 0.0, 60ZN, 3120.0200000000004, 34.5109777201565, 1.0, 0.
60GA, 0.0, 60ZN, 3121.02, 4000000.000000001, 1.0, 0.
60GA, 0.0, 60ZN, 3141.01, 1175.8263539640468, 1.0, 0.
60GA, 0.0, 60ZN, 3566.0099999999998, 11.495816040273063, 1.0, 0.
60GA, 0.0, 60ZN, 3739.02, 29.00252085768078, 1.0, 0.
60GA, 0.0, 60ZN, 3740.0200000000004, 171652.7709661599, 1.0, 0.
60GA, 0.0, 60ZN, 3845.03, 838.1095600762919, 1.0, 0.
60GA, 0.0, 60ZN, 4080.02, 253.79634003923692, 1.0, 0.
60GA, 0.0, 60ZN, 4081.0200000000004, 199.38242717343223, 1.0, 0.
60GA, 0.0, 60ZN, 4143.0199999999995, 59.47554127840467, 1.0, 0.
60GA, 0.0, 60ZN, 4144.02, 1.1373811604451058, 1.0, 0.
60GA, 0.0, 60ZN, 4196.03, 9408.475692531016, 1.0, 0.
60GA, 0.0, 60ZN, 4396.03, 210.31391454885562, 1.0, 0.
60GA, 0.0, 60ZN, 4445.01, 9996.4298464834, 1.0, 0.
60GA, 0.0, 60ZN, 4448.02, 210.15599879790773, 1.0, 0.
60GA, 0.0, 60ZN, 4449.0199999999995, 26205.450733752623, 1.0, 0.
60GA, 0.0, 60ZN, 4644.02, 42.5838984926395, 1.0, 0.
60GA, 0.0, 60ZN, 4645.0199999999995, 475543.4782608696, 1.0, 0.
60GA, 0.0, 60ZN, 4696.03, 141.06822502719595, 1.0, 0.
60GA, 0.0, 60ZN, 4763.03, 45.68129375166696, 1.0, 0.
60GA, 0.0, 60ZN, 4829.009999999999, 277.26341014189944, 1.0, 0.
60GA, 0.0, 60ZN, 4852.02, 645.4932582839839, 1.0, 0.
60GA, 0.0, 60ZN, 4853.0199999999995, 376344.0860215054, 1.0, 0.
60GA, 0.0, 60ZN, 4949.03, 167.40051865463553, 1.0, 0.
60GA, 0.0, 60ZN, 5011.03, 9333333.333333332, 1.0, 0.
60GA, 0.0, 60ZN, 5065.01, 292.2420181398796, 1.0, 0.
60GA, 0.0, 60ZN, 5175.0199999999995, 15339.103758080424, 1.0, 0.
60GA, 0.0, 60ZN, 5176.02, 1143790.849673203, 1.0, 0.
60GA, 0.0, 60ZN, 5197.03, 105.98948069545452, 1.0, 0.
60GA, 0.0, 60ZN, 5212.009999999999, 32.97036261134504, 1.0, 0.
60GA, 0.0, 60ZN, 5321.03, 3166.5754391361584, 1.0, 0.
60GA, 0.0, 60ZN, 5438.0199999999995, 202.31781064382443, 1.0, 0.
60GA, 0.0, 60ZN, 5439.02, 401606.4257028112, 1.0, 0.
60GA, 0.0, 60ZN, 5442.02, 7137.831526782164, 1.0, 0.
60GA, 0.0, 60ZN, 5443.0199999999995, 459016.393442623, 1.0, 0.
60GA, 0.0, 60ZN, 5488.03, 2341.912539603414, 1.0, 0.
60GA, 0.0, 60ZN, 5492.03, 3042.182026788586, 1.0, 0.
60GA, 0.0, 60ZN, 5508.009999999999, 38.98942311639452, 1.0, 0.
60GA, 0.0, 60ZN, 5588.02, 1144.4322553326456, 1.0, 0.
60GA, 0.0, 60ZN, 5589.02, 394588.5005636979, 1.0, 0.
60GA, 0.0, 60ZN, 5588.009999999999, 3756.6143245070793, 1.0, 0.
60GA, 0.0, 60ZN, 5605.02, 1032.2078335727074, 1.0, 0.
60GA, 0.0, 60ZN, 5606.02, 3286384.976525822, 1.0, 0.
60GA, 0.0, 60ZN, 5791.02, 1660.8576194215946, 1.0, 0.
60GA, 0.0, 60ZN, 5792.0199999999995, 4575163.398692812, 1.0, 0.
60GA, 0.0, 60ZN, 5886.03, 3444.678463870244, 1.0, 0.
60GA, 0.0, 60ZN, 5919.03, 1222.8911242562203, 1.0, 0.
60GA, 0.0, 60ZN, 5930.0199999999995, 112.19293594809123, 1.0, 0.
60GA, 0.0, 60ZN, 5931.02, 3365384.6153846155, 1.0, 0.
60GA, 0.0, 60ZN, 5993.01, 199.10120029580753, 1.0, 0.
60GA, 0.0, 60ZN, 6014.02, 177.12093463174787, 1.0, 0.
60GA, 0.0, 60ZN, 6015.0199999999995, 659133.7099811676, 1.0, 0.
60GA, 0.0, 60ZN, 6049.03, 642.9190730209115, 1.0, 0.
60GA, 0.0, 60ZN, 6055.0199999999995, 481.53717673377463, 1.0, 0.
60GA, 0.0, 60ZN, 6056.02, 11290322.580645163, 1.0, 0.
60GA, 0.0, 60ZN, 6058.03, 1526.218249209637, 1.0, 0.
60GA, 0.0, 60ZN, 6074.0199999999995, 182.2830272106895, 1.0, 0.
60GA, 0.0, 60ZN, 6135.009999999999, 12332.194073499877, 1.0, 0.
60GA, 0.0, 60ZN, 6143.03, 172.8472736305681, 1.0, 0.
60GA, 0.0, 60ZN, 6195.02, 188.85445742384175, 1.0, 0.
60GA, 0.0, 60ZN, 6196.0199999999995, 11290322.580645163, 1.0, 0.
60GA, 0.0, 60ZN, 6248.02, 798.308498336097, 1.0, 0.
60GA, 0.0, 60ZN, 6249.0199999999995, 7777777.777777777, 1.0, 0.
60GA, 0.0, 60ZN, 6251.01, 6245.4274548990925, 1.0, 0.
60GA, 0.0, 60ZN, 6289.03, 4049.3792880034252, 1.0, 0.
60GA, 0.0, 60ZN, 6334.03, 8150.338821228141, 1.0, 0.
60GA, 0.0, 60ZN, 6343.02, 1535.747821432019, 1.0, 0.
60GA, 0.0, 60ZN, 6344.02, 21875000.0, 1.0, 0.
60GA, 0.0, 60ZN, 6344.03, 680.9312026023246, 1.0, 0.
60GA, 0.0, 60ZN, 6360.02, 592.7632080344819, 1.0, 0.
60GA, 0.0, 60ZN, 6361.0199999999995, 175000000.0, 1.0, 0.
60GA, 0.0, 60ZN, 6364.009999999999, 59839.28876731066, 1.0, 0.
60GA, 0.0, 60ZN, 6381.03, 4976.326902023233, 1.0, 0.
60GA, 0.0, 60ZN, 6415.02, 917.9075903089939, 1.0, 0.
60GA, 0.0, 60ZN, 6416.02, 226977.95071335926, 1.0, 0.
60GA, 0.0, 60ZN, 6442.02, 879.3616337031677, 1.0, 0.
60GA, 0.0, 60ZN, 6443.0199999999995, 29166666.666666668, 1.0, 0.
60GA, 0.0, 60ZN, 6453.01, 617.1566008425069, 1.0, 0.
60GA, 0.0, 60ZN, 6535.01, 266362.25266362255, 1.0, 0.
60GA, 0.0, 60ZN, 6552.0199999999995, 34079.84420642649, 1.0, 0.
60GA, 0.0, 60ZN, 6553.02, 471698.11320754717, 1.0, 0.
60GA, 0.0, 60ZN, 6564.02, 67672.08043310132, 1.0, 0.
60GA, 0.0, 60ZN, 6565.02, 58705.13250587052, 1.0, 0.
60GA, 0.0, 60ZN, 6568.03, 1327.8700963654298, 1.0, 0.
60GA, 0.0, 60ZN, 6589.03, 247.7932243420736, 1.0, 0.
60GA, 0.0, 60ZN, 6589.02, 1817.0302457663197, 1.0, 0.
60GA, 0.0, 60ZN, 6590.02, 693069.3069306931, 1.0, 0.
60GA, 0.0, 60ZN, 6646.009999999999, 3515.6799324989456, 1.0, 0.
60GA, 0.0, 60ZN, 6682.02, 52442.31345519929, 1.0, 0.
60GA, 0.0, 60ZN, 6683.0199999999995, 11290322.580645163, 1.0, 0.
60GA, 0.0, 60ZN, 6683.03, 3232.0620555914675, 1.0, 0.
60GA, 0.0, 60ZN, 6709.0199999999995, 13401.232913428037, 1.0, 0.
60GA, 0.0, 60ZN, 6710.02, 1643192.488262911, 1.0, 0.
60GA, 0.0, 60ZN, 6719.01, 2092.125240594403, 1.0, 0.
60GA, 0.0, 60ZN, 6733.0199999999995, 3445.017520374818, 1.0, 0.
60GA, 0.0, 60ZN, 6734.02, 70000000.0, 1.0, 0.
60GA, 0.0, 60ZN, 6758.02, 4120.507175568925, 1.0, 0.
60GA, 0.0, 60ZN, 6759.02, 11666666.666666668, 1.0, 0.
60GA, 0.0, 60ZN, 6794.03, 8237.232289950576, 1.0, 0.
60GA, 0.0, 60ZN, 6796.03, 837.6131376030863, 1.0, 0.
60GA, 0.0, 60ZN, 6856.03, 1452.3966619775003, 1.0, 0.
60GA, 0.0, 60ZN, 6864.009999999999, 2342.5473529214914, 1.0, 0.
60GA, 0.0, 60ZN, 6890.0199999999995, 3224.320589590051, 1.0, 0.
60GA, 0.0, 60ZN, 6891.02, 118403.24763193507, 1.0, 0.
60GA, 0.0, 60ZN, 6915.02, 2436.68110110138, 1.0, 0.
60GA, 0.0, 60ZN, 6916.02, 50000000.00000001, 1.0, 0.
60GA, 0.0, 60ZN, 6928.03, 149764.65554129228, 1.0, 0.
60GA, 0.0, 60ZN, 6956.01, 16250.34822174761, 1.0, 0.
60GA, 0.0, 60ZN, 6976.02, 4001.0059672146144, 1.0, 0.
60GA, 0.0, 60ZN, 6977.02, 14583333.333333334, 1.0, 0.
60GA, 0.0, 60ZN, 6992.009999999999, 1097178.68338558, 1.0, 0.
60GA, 0.0, 60ZN, 7001.03, 696.7670011148273, 1.0, 0.
60GA, 0.0, 60ZN, 7036.03, 13923.698134224453, 1.0, 0.
60GA, 0.0, 60ZN, 7080.03, 2240.8031038324134, 1.0, 0.
60GA, 0.0, 60ZN, 7106.02, 580.0560168381976, 1.0, 0.
60GA, 0.0, 60ZN, 7107.02, 944669.3657219973, 1.0, 0.
60GA, 0.0, 60ZN, 7124.03, 465.70080320082815, 1.0, 0.
60GA, 0.0, 60ZN, 7127.0199999999995, 245.79307593882424, 1.0, 0.
60GA, 0.0, 60ZN, 7128.02, 17948717.948717948, 1.0, 0.
60GA, 0.0, 60ZN, 7155.03, 13248.542660307367, 1.0, 0.
60GA, 0.0, 60ZN, 7176.02, 12080.421088963672, 1.0, 0.
60GA, 0.0, 60ZN, 7177.0199999999995, 785634.1189674524, 1.0, 0.
60GA, 0.0, 60ZN, 7183.009999999999, 325.83266537636933, 1.0, 0.
60GA, 0.0, 60ZN, 7190.03, 1137.6342408404191, 1.0, 0.
60GA, 0.0, 60ZN, 7202.02, 4529.688875084123, 1.0, 0.
60GA, 0.0, 60ZN, 7203.02, 35412.55628066981, 1.0, 0.
60GA, 0.0, 60ZN, 7210.009999999999, 391.96582058044544, 1.0, 0.
60GA, 0.0, 60ZN, 7212.03, 4392.652974139824, 1.0, 0.
60GA, 0.0, 60ZN, 7232.03, 491228.0701754386, 1.0, 0.
60GA, 0.0, 60ZN, 7241.0199999999995, 29979.870658272306, 1.0, 0.
60GA, 0.0, 60ZN, 7242.02, 12280701.754385965, 1.0, 0.
60GA, 0.0, 60ZN, 7242.03, 3545.3449620648094, 1.0, 0.
60GA, 0.0, 60ZN, 7268.03, 24157.090105946096, 1.0, 0.
60GA, 0.0, 60ZN, 7296.03, 773.9441743010732, 1.0, 0.
60GA, 0.0, 60ZN, 7321.0199999999995, 100.9039552908989, 1.0, 0.
60GA, 0.0, 60ZN, 7322.02, 1340996.1685823756, 1.0, 0.
60GA, 0.0, 60ZN, 7346.009999999999, 1057.735750410628, 1.0, 0.
60GA, 0.0, 60ZN, 7358.0199999999995, 4987.140302505682, 1.0, 0.
60GA, 0.0, 60ZN, 7359.02, 5426356.5891472865, 1.0, 0.
60GA, 0.0, 60ZN, 7385.0199999999995, 46049.601999868435, 1.0, 0.
60GA, 0.0, 60ZN, 7386.02, 233333333.33333334, 1.0, 0.
60GA, 0.0, 60ZN, 7411.0199999999995, 9698.783495441572, 1.0, 0.
60GA, 0.0, 60ZN, 7412.02, 11111111.111111114, 1.0, 0.
60GA, 0.0, 60ZN, 7416.03, 4358.356526016276, 1.0, 0.
60GA, 0.0, 60ZN, 7445.01, 38888888.888888896, 1.0, 0.
60GA, 0.0, 60ZN, 7461.03, 3478.070763834027, 1.0, 0.
60GA, 0.0, 60ZN, 7468.009999999999, 2857.4111038995497, 1.0, 0.
60GA, 0.0, 60ZN, 7494.0199999999995, 1009.6464506600204, 1.0, 0.
60GA, 0.0, 60ZN, 7495.02, 77777777.77777779, 1.0, 0.
60GA, 0.0, 60ZN, 7509.03, 654.6142825614496, 1.0, 0.
60GA, 0.0, 60ZN, 7512.0199999999995, 32579.353997952156, 1.0, 0.
60GA, 0.0, 60ZN, 7534.03, 10509.563702969705, 1.0, 0.
60GA, 0.0, 60ZN, 7540.03, 835.5445422827316, 1.0, 0.
60GA, 0.0, 60ZN, 7581.03, 9988.1568996761, 1.0, 0.
60GA, 0.0, 60ZN, 7584.009999999999, 357325.16590096994, 1.0, 0.
60GA, 0.0, 60ZN, 7590.02, 5016.518679365627, 1.0, 0.
60GA, 0.0, 60ZN, 7591.02, 38888888.888888896, 1.0, 0.
60GA, 0.0, 60ZN, 7606.03, 467.54471564264355, 1.0, 0.
60GA, 0.0, 60ZN, 7636.02, 818.0848166964099, 1.0, 0.
60GA, 0.0, 60ZN, 7637.0199999999995, 1728395.0617283953, 1.0, 0.
60GA, 0.0, 60ZN, 7649.02, 609.4083950359333, 1.0, 0.
60GA, 0.0, 60ZN, 7650.02, 239561.9438740589, 1.0, 0.
60GA, 0.0, 60ZN, 7658.01, 59721.86673492024, 1.0, 0.
60GA, 0.0, 60ZN, 7661.03, 368.80150049524775, 1.0, 0.
60GA, 0.0, 60ZN, 7696.009999999999, 518.9936860710992, 1.0, 0.
60GA, 0.0, 60ZN, 7715.02, 96899.22480620156, 1.0, 0.
60GA, 0.0, 60ZN, 7723.03, 4561.746497230369, 1.0, 0.
60GA, 0.0, 60ZN, 7742.02, 11111111.111111114, 1.0, 0.
60GA, 0.0, 60ZN, 7743.02, 23333333.333333336, 1.0, 0.
60GA, 0.0, 60ZN, 7777.03, 2296.181122766964, 1.0, 0.
60GA, 0.0, 60ZN, 7788.03, 8753.063572250288, 1.0, 0.
60GA, 0.0, 60ZN, 7803.009999999999, 2184.605397847852, 1.0, 0.
60GA, 0.0, 60ZN, 7808.0199999999995, 26343.519494204425, 1.0, 0.
60GA, 0.0, 60ZN, 7809.02, 2397260.2739726026, 1.0, 0.
60GA, 0.0, 60ZN, 7811.009999999999, 6730769.230769231, 1.0, 0.
60GA, 0.0, 60ZN, 7817.02, 15909090.909090908, 1.0, 0.
60GA, 0.0, 60ZN, 7818.0199999999995, 2916666.666666667, 1.0, 0.
60GA, 0.0, 60ZN, 7879.03, 1717.1172055143995, 1.0, 0.
60GA, 0.0, 60ZN, 7886.02, 4588.719616120828, 1.0, 0.
60GA, 0.0, 60ZN, 7887.0199999999995, 15909090.909090908, 1.0, 0.
60GA, 0.0, 60ZN, 7901.03, 1889.1143831771667, 1.0, 0.
60GA, 0.0, 60ZN, 7905.02, 5833333.333333334, 1.0, 0.
60GA, 0.0, 60ZN, 7906.0199999999995, 43750000.0, 1.0, 0.
60GA, 0.0, 60ZN, 7925.009999999999, 754.7658069524715, 1.0, 0.
60GA, 0.0, 60ZN, 7938.03, 9773.260359655982, 1.0, 0.
60GA, 0.0, 60ZN, 7948.02, 1737.1796144453929, 1.0, 0.
60GA, 0.0, 60ZN, 7959.009999999999, 1906.068923452272, 1.0, 0.
60GA, 0.0, 60ZN, 7966.03, 949.9150504540595, 1.0, 0.
60GA, 0.0, 60ZN, 7988.03, 589225.5892255893, 1.0, 0.
60GA, 0.0, 60ZN, 8010.019999999999, 30605.106680657573, 1.0, 0.
60GA, 0.0, 60ZN, 8011.019999999999, 250716.3323782235, 1.0, 0.
60GA, 0.0, 60ZN, 8010.009999999999, 10161.421437695972, 1.0, 0.
60GA, 0.0, 60ZN, 8023.019999999999, 4398.642704536886, 1.0, 0.
60GA, 0.0, 60ZN, 8029.030000000001, 865.2443697312798, 1.0, 0.
60GA, 0.0, 60ZN, 8058.019999999999, 3965.1969003489376, 1.0, 0.
60GA, 0.0, 60ZN, 8078.019999999999, 6767.208043310131, 1.0, 0.
60GA, 0.0, 60ZN, 8079.0199999999995, 1080246.913580247, 1.0, 0.
60GA, 0.0, 60ZN, 8081.009999999999, 3494.6182878367317, 1.0, 0.
60GA, 0.0, 60ZN, 8083.0199999999995, 20463.04957904584, 1.0, 0.
60GA, 0.0, 60ZN, 8084.019999999999, 169573.64341085273, 1.0, 0.
60GA, 0.0, 60ZN, 8088.03, 165876.77725118483, 1.0, 0.
60GA, 0.0, 60ZN, 8103.030000000001, 5847.1716395469275, 1.0, 0.
60GA, 0.0, 60ZN, 8120.019999999999, 2529.1941264886113, 1.0, 0.
60GA, 0.0, 60ZN, 8121.0199999999995, 1411290.3225806453, 1.0, 0.
60GA, 0.0, 60ZN, 8121.030000000001, 17922.982384268744, 1.0, 0.
60GA, 0.0, 60ZN, 8127.01, 2241.118766488231, 1.0, 0.
60GA, 0.0, 60ZN, 8163.01, 8269.53974104527, 1.0, 0.
60GA, 0.0, 60ZN, 8164.030000000001, 1563.491141705903, 1.0, 0.
60GA, 0.0, 60ZN, 8170.0199999999995, 313059.0339892666, 1.0, 0.
60GA, 0.0, 60ZN, 8171.019999999999, 1822916.6666666667, 1.0, 0.
60GA, 0.0, 60ZN, 8173.009999999999, 888324.8730964467, 1.0, 0.
60GA, 0.0, 60ZN, 8182.030000000001, 10572.740454325763, 1.0, 0.
60GA, 0.0, 60ZN, 8182.01, 5132.265822042348, 1.0, 0.
60GA, 0.0, 60ZN, 8189.0199999999995, 12082.29770781552, 1.0, 0.
60GA, 0.0, 60ZN, 8190.019999999999, 79221.36713444999, 1.0, 0.
60GA, 0.0, 60ZN, 8201.03, 6606.017137895889, 1.0, 0.
60GA, 0.0, 60ZN, 8212.03, 53272.450532724506, 1.0, 0.
60GA, 0.0, 60ZN, 8226.02, 50505.0505050505, 1.0, 0.
60GA, 0.0, 60ZN, 8227.02, 966850.8287292819, 1.0, 0.
60GA, 0.0, 60ZN, 8247.03, 60721.721027064545, 1.0, 0.
60GA, 0.0, 60ZN, 8255.02, 43818.46635367762, 1.0, 0.
60GA, 0.0, 60ZN, 8264.019999999999, 1489361.7021276597, 1.0, 0.
60GA, 0.0, 60ZN, 8265.02, 93085.10638297873, 1.0, 0.
60GA, 0.0, 60ZN, 8266.03, 79908.67579908676, 1.0, 0.
60GA, 0.0, 60ZN, 8294.03, 1021897.8102189782, 1.0, 0.
60GA, 0.0, 60ZN, 8298.019999999999, 301724.1379310345, 1.0, 0.
60GA, 0.0, 60ZN, 8299.019999999999, 74231.17709437964, 1.0, 0.
60GA, 0.0, 60ZN, 8306.03, 14568.1581685744, 1.0, 0.
60GA, 0.0, 60ZN, 8315.019999999999, 1704.1996348143641, 1.0, 0.
60GA, 0.0, 60ZN, 8316.02, 70000000.0, 1.0, 0.
60GA, 0.0, 60ZN, 8318.03, 4681.021800187241, 1.0, 0.
60GA, 0.0, 60ZN, 8325.019999999999, 4666666.666666666, 1.0, 0.
60GA, 0.0, 60ZN, 8326.02, 2058823.5294117648, 1.0, 0.
60GA, 0.0, 60ZN, 8328.03, 27921.81890706023, 1.0, 0.
60GA, 0.0, 60ZN, 8350.009999999998, 11283.043197936815, 1.0, 0.
60GA, 0.0, 60ZN, 8363.009999999998, 2739.511584220413, 1.0, 0.
60GA, 0.0, 60ZN, 8374.01, 6686.407488776388, 1.0, 0.
60GA, 0.0, 60ZN, 8381.019999999999, 77821.01167315176, 1.0, 0.
60GA, 0.0, 60ZN, 8392.03, 23003.614853762734, 1.0, 0.
60GA, 0.0, 60ZN, 8394.01, 171358.62913096696, 1.0, 0.
60GA, 0.0, 60ZN, 8401.019999999999, 2279.2393852565774, 1.0, 0.
60GA, 0.0, 60ZN, 8402.019999999999, 247349.82332155475, 1.0, 0.
60GA, 0.0, 60ZN, 8402.03, 3247.431050080026, 1.0, 0.
60GA, 0.0, 60ZN, 8425.02, 4227.563715424569, 1.0, 0.
60GA, 0.0, 60ZN, 8426.019999999999, 3043478.2608695654, 1.0, 0.
60GA, 0.0, 60ZN, 8437.03, 11081.20943485832, 1.0, 0.
60GA, 0.0, 60ZN, 8445.03, 4593.627981756735, 1.0, 0.
60GA, 0.0, 60ZN, 8475.03, 8235294.117647059, 1.0, 0.
60GA, 0.0, 60ZN, 8482.019999999999, 1294.2710018582034, 1.0, 0.
60GA, 0.0, 60ZN, 8483.02, 20000000.000000004, 1.0, 0.
60GA, 0.0, 60ZN, 8487.019999999999, 3848.6914449087317, 1.0, 0.
60GA, 0.0, 60ZN, 8488.019999999999, 4375000.0, 1.0, 0.
60GA, 0.0, 60ZN, 8489.03, 6220.839813374807, 1.0, 0.
60GA, 0.0, 60ZN, 8508.009999999998, 3748.527364249759, 1.0, 0.
60GA, 0.0, 60ZN, 8512.03, 2161.3276727132384, 1.0, 0.
60GA, 0.0, 60ZN, 8532.03, 18847.603661820143, 1.0, 0.
60GA, 0.0, 60ZN, 8537.02, 18408.941485864565, 1.0, 0.
60GA, 0.0, 60ZN, 8538.019999999999, 804597.7011494254, 1.0, 0.
60GA, 0.0, 60ZN, 8547.03, 5337.399923751431, 1.0, 0.
60GA, 0.0, 60ZN, 8556.03, 16732.40109955779, 1.0, 0.
60GA, 0.0, 60ZN, 8559.019999999999, 3513.174404015057, 1.0, 0.
60GA, 0.0, 60ZN, 8560.02, 140000000.0, 1.0, 0.
60GA, 0.0, 60ZN, 8567.01, 3846.893633391037, 1.0, 0.
60GA, 0.0, 60ZN, 8568.009999999998, 276134.12228796846, 1.0, 0.
60GA, 0.0, 60ZN, 8579.02, 2174.1831283389242, 1.0, 0.
60GA, 0.0, 60ZN, 8580.019999999999, 7368421.052631579, 1.0, 0.
60GA, 0.0, 60ZN, 8580.01, 1657.7660418467512, 1.0, 0.
60GA, 0.0, 60ZN, 8591.019999999999, 307017.54385964916, 1.0, 0.
60GA, 0.0, 60ZN, 8592.02, 939597.3154362417, 1.0, 0.
60GA, 0.0, 60ZN, 8592.03, 3090.9171192652448, 1.0, 0.
60GA, 0.0, 60ZN, 8594.03, 231788.07947019872, 1.0, 0.
60GA, 0.0, 60ZN, 8595.01, 17500000.0, 1.0, 0.
60GA, 0.0, 60ZN, 8607.03, 5234.036189621654, 1.0, 0.
60GA, 0.0, 60ZN, 8624.02, 1051.8375602177005, 1.0, 0.
60GA, 0.0, 60ZN, 8625.019999999999, 58333333.333333336, 1.0, 0.
60GA, 0.0, 60ZN, 8635.019999999999, 12558.306422676715, 1.0, 0.
60GA, 0.0, 60ZN, 8636.019999999999, 2592592.592592593, 1.0, 0.
60GA, 0.0, 60ZN, 8644.019999999999, 7051.901998710509, 1.0, 0.
60GA, 0.0, 60ZN, 8645.019999999999, 6481481.481481482, 1.0, 0.
60GA, 0.0, 60ZN, 8646.02, 1252.9175079112792, 1.0, 0.
60GA, 0.0, 60ZN, 8647.019999999999, 58333333.333333336, 1.0, 0.
60GA, 0.0, 60ZN, 8652.03, 1788.0222940836898, 1.0, 0.
60GA, 0.0, 60ZN, 8658.009999999998, 29807.52853006302, 1.0, 0.
60GA, 0.0, 60ZN, 8676.03, 743.1707912645581, 1.0, 0.
60GA, 0.0, 60ZN, 8679.03, 1506.0370571175313, 1.0, 0.
60GA, 0.0, 60ZN, 8681.019999999999, 13785.4976564654, 1.0, 0.
60GA, 0.0, 60ZN, 8695.02, 11666666.666666668, 1.0, 0.
60GA, 0.0, 60ZN, 8696.019999999999, 38888888.888888896, 1.0, 0.
60GA, 0.0, 60ZN, 8697.009999999998, 18500.898615075588, 1.0, 0.
60GA, 0.0, 60ZN, 8711.02, 1784.8218747768974, 1.0, 0.
60GA, 0.0, 60ZN, 8712.019999999999, 410798.1220657278, 1.0, 0.
60GA, 0.0, 60ZN, 8717.02, 9835.328499971898, 1.0, 0.
60GA, 0.0, 60ZN, 8718.019999999999, 720164.6090534979, 1.0, 0.
60GA, 0.0, 60ZN, 8728.019999999999, 2790.267546796773, 1.0, 0.
60GA, 0.0, 60ZN, 8729.019999999999, 5833333.333333334, 1.0, 0.
60GA, 0.0, 60ZN, 8731.03, 2701.5553239936708, 1.0, 0.
60GA, 0.0, 60ZN, 8732.009999999998, 1681.9241211946467, 1.0, 0.
60GA, 0.0, 60ZN, 8738.03, 7642.2551203109315, 1.0, 0.
60GA, 0.0, 60ZN, 8753.03, 2687.800457694021, 1.0, 0.
60GA, 0.0, 60ZN, 8758.019999999999, 18480.384391995354, 1.0, 0.
60GA, 0.0, 60ZN, 8759.02, 7777777.777777777, 1.0, 0.
60GA, 0.0, 60ZN, 8761.009999999998, 16111.955070662434, 1.0, 0.
60GA, 0.0, 60ZN, 8762.03, 45184.61141234186, 1.0, 0.
60GA, 0.0, 60ZN, 8785.019999999999, 943.6836556687077, 1.0, 0.
60GA, 0.0, 60ZN, 8786.019999999999, 480109.7393689986, 1.0, 0.
60GA, 0.0, 60ZN, 8797.03, 29166666.666666668, 1.0, 0.
60GA, 0.0, 60ZN, 8800.02, 6140350.8771929825, 1.0, 0.
60GA, 0.0, 60ZN, 8801.019999999999, 3240740.740740741, 1.0, 0.
60GA, 0.0, 60ZN, 8818.03, 1767.3554303257995, 1.0, 0.
60GA, 0.0, 60ZN, 8825.03, 11666666.666666668, 1.0, 0.
60GA, 0.0, 60ZN, 8837.019999999999, 8785.140562248997, 1.0, 0.
60GA, 0.0, 60ZN, 8838.019999999999, 58333333.333333336, 1.0, 0.
60GA, 0.0, 60ZN, 8854.03, 726.487743113934, 1.0, 0.
60GA, 0.0, 60ZN, 8855.01, 41239.542830210914, 1.0, 0.
60GA, 0.0, 60ZN, 8862.019999999999, 14583333.333333334, 1.0, 0.
60GA, 0.0, 60ZN, 8863.019999999999, 58333333.333333336, 1.0, 0.
60GA, 0.0, 60ZN, 8869.019999999999, 1150.5134577202741, 1.0, 0.
60GA, 0.0, 60ZN, 8870.019999999999, 3888888.8888888885, 1.0, 0.
60GA, 0.0, 60ZN, 8882.009999999998, 3610.8904455838815, 1.0, 0.
60GA, 0.0, 60ZN, 8889.03, 7659.313725490197, 1.0, 0.
60GA, 0.0, 60ZN, 8895.019999999999, 1717.6818166202895, 1.0, 0.
60GA, 0.0, 60ZN, 8896.02, 25000000.000000004, 1.0, 0.
60GA, 0.0, 60ZN, 8899.03, 2386.9196801527632, 1.0, 0.
60GA, 0.0, 60ZN, 8906.01, 688.4065453694334, 1.0, 0.
60GA, 0.0, 60ZN, 8908.009999999998, 26659.55745134631, 1.0, 0.
60GA, 0.0, 60ZN, 8913.03, 12933.264355923437, 1.0, 0.
60GA, 0.0, 60ZN, 8921.019999999999, 8634.087376964255, 1.0, 0.
60GA, 0.0, 60ZN, 8922.02, 169491.52542372883, 1.0, 0.
60GA, 0.0, 60ZN, 8946.019999999999, 1695.921309251251, 1.0, 0.
60GA, 0.0, 60ZN, 8947.019999999999, 4761904.761904762, 1.0, 0.
60GA, 0.0, 60ZN, 8949.03, 1320.4109118757758, 1.0, 0.
60GA, 0.0, 60ZN, 8952.019999999999, 4562.460078474314, 1.0, 0.
60GA, 0.0, 60ZN, 8953.019999999999, 6666666.666666668, 1.0, 0.
60GA, 0.0, 60ZN, 8965.03, 22722.108611679167, 1.0, 0.
60GA, 0.0, 60ZN, 8985.03, 3878.223773511732, 1.0, 0.
60GA, 0.0, 60ZN, 8992.02, 966.3422977687159, 1.0, 0.
60GA, 0.0, 60ZN, 8993.02, 25000000.000000004, 1.0, 0.
60GA, 0.0, 60ZN, 8995.009999999998, 2896.787462703862, 1.0, 0.
60GA, 0.0, 60ZN, 9009.01, 3254.572674607824, 1.0, 0.
60GA, 0.0, 60ZN, 9011.019999999999, 1562.6709171315613, 1.0, 0.
60GA, 0.0, 60ZN, 9012.02, 714285.7142857143, 1.0, 0.
60GA, 0.0, 60ZN, 9018.01, 10000000.000000002, 1.0, 0.
60GA, 0.0, 60ZN, 9027.03, 22583.559168925025, 1.0, 0.
60GA, 0.0, 60ZN, 9027.009999999998, 2880.433217155861, 1.0, 0.
60GA, 0.0, 60ZN, 9049.009999999998, 15325.670498084293, 1.0, 0.
60GA, 0.0, 60ZN, 9071.01, 3849.559225468684, 1.0, 0.
60GA, 0.0, 60ZN, 9120.009999999998, 2465.900123999549, 1.0, 0.
60GA, 0.0, 60ZN, 9132.009999999998, 7766.042424780333, 1.0, 0.
60GA, 0.0, 60ZN, 9172.01, 105421.68674698797, 1.0, 0.
60GA, 0.0, 60ZN, 9217.01, 4036.7226425539766, 1.0, 0.
60GA, 0.0, 60ZN, 9252.01, 179303.27868852462, 1.0, 0.
60GA, 0.0, 60ZN, 9259.01, 6424.3759177679885, 1.0, 0.
60GA, 0.0, 60ZN, 9273.009999999998, 1944444.4444444443, 1.0, 0.
60GA, 0.0, 60ZN, 9295.01, 1318267.4199623354, 1.0, 0.
60GA, 0.0, 60ZN, 9342.01, 7316.129976274838, 1.0, 0.
60GA, 0.0, 60ZN, 9364.01, 7794.926616333713, 1.0, 0.
60GA, 0.0, 60ZN, 9367.01, 2235.443272433472, 1.0, 0.
60GA, 0.0, 60ZN, 9397.01, 47367.708756259315, 1.0, 0.
60GA, 0.0, 60ZN, 9424.009999999998, 149860.84350246203, 1.0, 0.
60GA, 0.0, 60ZN, 9463.009999999998, 6549.401197604791, 1.0, 0.
60GA, 0.0, 60ZN, 9483.01, 4117647.0588235296, 1.0, 0.
60GA, 0.0, 60ZN, 9525.01, 5144.4109649445145, 1.0, 0.
60GA, 0.0, 60ZN, 9544.01, 7000000.000000001, 1.0, 0.
60GA, 0.0, 60ZN, 9564.01, 103397.341211226, 1.0, 0.
60GA, 0.0, 60ZN, 9570.01, 593220.3389830509, 1.0, 0.
60GA, 0.0, 60ZN, 9592.01, 42227.18224045364, 1.0, 0.
60GA, 0.0, 60ZN, 9605.01, 5965.163445478408, 1.0, 0.
60GA, 0.0, 60ZN, 9640.01, 4089.214987557104, 1.0, 0.
60GA, 0.0, 60ZN, 9659.01, 17622.91986606581, 1.0, 0.
60GA, 0.0, 60ZN, 9670.01, 5853.234330055523, 1.0, 0.
60GA, 0.0, 60ZN, 9712.01, 7804.834537507806, 1.0, 0.
60GA, 0.0, 60ZN, 9737.01, 4619.364375461937, 1.0, 0.
60GA, 0.0, 60ZN, 9752.01, 3025.7447654615557, 1.0, 0.
60GA, 0.0, 60ZN, 9765.01, 201845.44405997696, 1.0, 0.
60GA, 0.0, 60ZN, 9821.01, 2439.4578827596542, 1.0, 0.
60GA, 0.0, 60ZN, 9839.01, 641025.6410256411, 1.0, 0.
60GA, 0.0, 60ZN, 9850.009999999998, 7310.09419578521, 1.0, 0.
60GA, 0.0, 60ZN, 9869.01, 53846153.846153855, 1.0, 0.
60GA, 0.0, 60ZN, 9880.01, 195804.1958041958, 1.0, 0.
60GA, 0.0, 60ZN, 9893.01, 35147.62000401687, 1.0, 0.
60GA, 0.0, 60ZN, 9922.01, 284090.90909090906, 1.0, 0.
60GA, 0.0, 60ZN, 9945.01, 219298.2456140351, 1.0, 0.
60GA, 0.0, 60ZN, 9957.01, 6250000.000000001, 1.0, 0.
60GA, 0.0, 60ZN, 9961.01, 78125.00000000001, 1.0, 0.
60GA, 0.0, 60ZN, 9989.01, 11901.928112354202, 1.0, 0.
60GA, 0.0, 60ZN, 10021.01, 22002.200220022005, 1.0, 0.
BETA_PLUS
60GA, 0.0, 60ZN, 1004.0199999999999, 0.018172586036096623
60GA, 0.0, 60ZN, 1005.0199999999998, 2583.025830258303
60GA, 0.0, 60ZN, 2780.02, 0.009005855338586543
60GA, 0.0, 60ZN, 2781.0200000000004, 2289.871570917323
60GA, 0.0, 60ZN, 3120.0200000000004, 0.0345455232433999
60GA, 0.0, 60ZN, 3121.02, 4004.004004004005
60GA, 0.0, 60ZN, 3141.01, 1.177003357321368
60GA, 0.0, 60ZN, 3566.0099999999998, 0.0115073233636367
60GA, 0.0, 60ZN, 3739.02, 0.029031552410090873
60GA, 0.0, 60ZN, 3740.0200000000004, 171.82459556172162
60GA, 0.0, 60ZN, 3845.03, 0.8389485085848768
60GA, 0.0, 60ZN, 4080.02, 0.25405039042966665
60GA, 0.0, 60ZN, 4081.0200000000004, 0.19958200918261487
60GA, 0.0, 60ZN, 4143.0199999999995, 0.05953507635475943
60GA, 0.0, 60ZN, 4144.02, 0.001138519680125231
60GA, 0.0, 60ZN, 4196.03, 9.417893586117133
60GA, 0.0, 60ZN, 4396.03, 0.21052443898784345
60GA, 0.0, 60ZN, 4445.01, 10.006436282766165
60GA, 0.0, 60ZN, 4448.02, 0.21036636516307078
60GA, 0.0, 60ZN, 4449.0199999999995, 26.231682416168795
60GA, 0.0, 60ZN, 4644.02, 0.04262652501765715
60GA, 0.0, 60ZN, 4645.0199999999995, 476.01949775862823
60GA, 0.0, 60ZN, 4696.03, 0.1412094344616576
60GA, 0.0, 60ZN, 4763.03, 0.045727020772439404
60GA, 0.0, 60ZN, 4829.009999999999, 0.2775409510929925
60GA, 0.0, 60ZN, 4852.02, 0.6461393976816655
60GA, 0.0, 60ZN, 4853.0199999999995, 376.72080682833376
60GA, 0.0, 60ZN, 4949.03, 0.1675680867413769
60GA, 0.0, 60ZN, 5011.03, 9342.676009342676
60GA, 0.0, 60ZN, 5065.01, 0.29253455269257217
60GA, 0.0, 60ZN, 5175.0199999999995, 15.354458216296718
60GA, 0.0, 60ZN, 5176.02, 1144.9357854586615
60GA, 0.0, 60ZN, 5197.03, 0.10609557627172625
60GA, 0.0, 60ZN, 5212.009999999999, 0.03300336597732236
60GA, 0.0, 60ZN, 5321.03, 3.1697451843204787
60GA, 0.0, 60ZN, 5438.0199999999995, 0.20252033097479924
60GA, 0.0, 60ZN, 5439.02, 402.0084341369482
60GA, 0.0, 60ZN, 5442.02, 7.144976503285449
60GA, 0.0, 60ZN, 5443.0199999999995, 459.4758693119349
60GA, 0.0, 60ZN, 5488.03, 2.3442567963998138
60GA, 0.0, 60ZN, 5492.03, 3.045227254042629
60GA, 0.0, 60ZN, 5508.009999999999, 0.039028451567962474
60GA, 0.0, 60ZN, 5588.02, 1.1455778331658113
60GA, 0.0, 60ZN, 5589.02, 394.9834840477456
60GA, 0.0, 60ZN, 5588.009999999999, 3.7603746992062854
60GA, 0.0, 60ZN, 5605.02, 1.0332410746473546
60GA, 0.0, 60ZN, 5606.02, 3289.674651176999
60GA, 0.0, 60ZN, 5791.02, 1.6625201395611557
60GA, 0.0, 60ZN, 5792.0199999999995, 4579.743141834646
60GA, 0.0, 60ZN, 5886.03, 6.903163254248986
60GA, 0.0, 60ZN, 5919.03, 2.4506836157439285
60GA, 0.0, 60ZN, 5930.0199999999995, 0.22483554298214675
60GA, 0.0, 60ZN, 5931.02, 6744.257746261755
60GA, 0.0, 60ZN, 5993.01, 0.3990004013944038
60GA, 0.0, 60ZN, 6014.02, 0.354951772809114
60GA, 0.0, 60ZN, 6015.0199999999995, 1320.9092384392138
60GA, 0.0, 60ZN, 6049.03, 1.2884149759938106
60GA, 0.0, 60ZN, 6055.0199999999995, 0.9650043621919333
60GA, 0.0, 60ZN, 6056.02, 22625.896955200726
60GA, 0.0, 60ZN, 6058.03, 3.058553605630535
60GA, 0.0, 60ZN, 6074.0199999999995, 0.3652966477168127
60GA, 0.0, 60ZN, 6135.009999999999, 24.71381577855687
60GA, 0.0, 60ZN, 6143.03, 0.34638732190494614
60GA, 0.0, 60ZN, 6195.02, 0.3784658465407651
60GA, 0.0, 60ZN, 6196.0199999999995, 22625.896955200726
60GA, 0.0, 60ZN, 6248.02, 1.5998166299320584
60GA, 0.0, 60ZN, 6249.0199999999995, 15586.729013582722
60GA, 0.0, 60ZN, 6251.01, 12.515886683164513
60GA, 0.0, 60ZN, 6289.03, 8.114988553113076
60GA, 0.0, 60ZN, 6334.03, 16.333344331118518
60GA, 0.0, 60ZN, 6343.02, 3.0776509447535454
60GA, 0.0, 60ZN, 6344.02, 43837.67535070141
60GA, 0.0, 60ZN, 6344.03, 1.364591588381412
60GA, 0.0, 60ZN, 6360.02, 1.1879022205099838
60GA, 0.0, 60ZN, 6361.0199999999995, 350701.40280561126
60GA, 0.0, 60ZN, 6364.009999999999, 119.91841436334802
60GA, 0.0, 60ZN, 6381.03, 9.972599002050567
60GA, 0.0, 60ZN, 6415.02, 1.8394941689558997
60GA, 0.0, 60ZN, 6416.02, 454.8656326921028
60GA, 0.0, 60ZN, 6442.02, 1.7622477629322
60GA, 0.0, 60ZN, 6443.0199999999995, 58450.23380093521
60GA, 0.0, 60ZN, 6453.01, 1.236786775235485
60GA, 0.0, 60ZN, 6535.01, 533.7920895062576
60GA, 0.0, 60ZN, 6552.0199999999995, 68.29628097480258
60GA, 0.0, 60ZN, 6553.02, 945.2868000151246
60GA, 0.0, 60ZN, 6564.02, 135.61539164950165
60GA, 0.0, 60ZN, 6565.02, 117.64555612398902
60GA, 0.0, 60ZN, 6568.03, 2.6610623173655914
60GA, 0.0, 60ZN, 6589.03, 0.49657960789994704
60GA, 0.0, 60ZN, 6589.02, 3.641343177888416
60GA, 0.0, 60ZN, 6590.02, 1388.916446754896
60GA, 0.0, 60ZN, 6646.009999999999, 7.045450766530953
60GA, 0.0, 60ZN, 6682.02, 105.09481654348555
60GA, 0.0, 60ZN, 6683.0199999999995, 22625.896955200726
60GA, 0.0, 60ZN, 6683.03, 6.4770782677183725
60GA, 0.0, 60ZN, 6709.0199999999995, 26.85617818322252
60GA, 0.0, 60ZN, 6710.02, 3292.970918362547
60GA, 0.0, 60ZN, 6719.01, 4.192635752694194
60GA, 0.0, 60ZN, 6733.0199999999995, 6.903842726202041
60GA, 0.0, 60ZN, 6734.02, 140280.5611222445
60GA, 0.0, 60ZN, 6758.02, 8.257529409957765
60GA, 0.0, 60ZN, 6759.02, 23380.093520374085
60GA, 0.0, 60ZN, 6794.03, 16.507479538979112
60GA, 0.0, 60ZN, 6796.03, 1.6785834420903534
60GA, 0.0, 60ZN, 6856.03, 2.910614553061123
60GA, 0.0, 60ZN, 6864.009999999999, 4.694483673189362
60GA, 0.0, 60ZN, 6890.0199999999995, 6.461564307795693
60GA, 0.0, 60ZN, 6891.02, 237.2810573786274
60GA, 0.0, 60ZN, 6915.02, 4.883128459121003
60GA, 0.0, 60ZN, 6916.02, 100200.40080160322
60GA, 0.0, 60ZN, 6928.03, 300.1295702230306
60GA, 0.0, 60ZN, 6956.01, 32.56582809969461
60GA, 0.0, 60ZN, 6976.02, 8.01804803049021
60GA, 0.0, 60ZN, 6977.02, 29225.116900467605
60GA, 0.0, 60ZN, 6992.009999999999, 2198.754876524208
60GA, 0.0, 60ZN, 7001.03, 1.396326655540736
60GA, 0.0, 60ZN, 7036.03, 27.9032026737965
60GA, 0.0, 60ZN, 7080.03, 4.490587382429687
60GA, 0.0, 60ZN, 7106.02, 1.7454042633045064
60GA, 0.0, 60ZN, 7107.02, 2842.5357042788287
60GA, 0.0, 60ZN, 7124.03, 1.4013063285882494
60GA, 0.0, 60ZN, 7127.0199999999995, 0.7395980218821191
60GA, 0.0, 60ZN, 7128.02, 54008.178381297745
60GA, 0.0, 60ZN, 7155.03, 39.865223651877734
60GA, 0.0, 60ZN, 7176.02, 36.35031420951958
60GA, 0.0, 60ZN, 7177.0199999999995, 2363.9943399221233
60GA, 0.0, 60ZN, 7183.009999999999, 0.9804393140713219
60GA, 0.0, 60ZN, 7190.03, 3.4231722392389745
60GA, 0.0, 60ZN, 7202.02, 13.629956494736579
60GA, 0.0, 60ZN, 7203.02, 106.55734086460323
60GA, 0.0, 60ZN, 7210.009999999999, 1.1794357690484818
60GA, 0.0, 60ZN, 7212.03, 13.217611757692552
60GA, 0.0, 60ZN, 7232.03, 1478.118566224991
60GA, 0.0, 60ZN, 7241.0199999999995, 90.2102427029257
60GA, 0.0, 60ZN, 7242.02, 36952.96415562477
60GA, 0.0, 60ZN, 7242.03, 10.66803900320404
60GA, 0.0, 60ZN, 7268.03, 72.6893383328368
60GA, 0.0, 60ZN, 7296.03, 2.3288189798427474
60GA, 0.0, 60ZN, 7321.0199999999995, 0.30362273407492146
60GA, 0.0, 60ZN, 7322.02, 4035.093787108452
60GA, 0.0, 60ZN, 7346.009999999999, 3.1827555177852402
60GA, 0.0, 60ZN, 7358.0199999999995, 15.006440228201651
60GA, 0.0, 60ZN, 7359.02, 16328.05392922955
60GA, 0.0, 60ZN, 7385.0199999999995, 138.5644994980996
60GA, 0.0, 60ZN, 7386.02, 702106.3189568707
60GA, 0.0, 60ZN, 7411.0199999999995, 29.183902192903428
60GA, 0.0, 60ZN, 7412.02, 33433.634236041464
60GA, 0.0, 60ZN, 7416.03, 13.114412816498321
60GA, 0.0, 60ZN, 7445.01, 117017.71982614513
60GA, 0.0, 60ZN, 7461.03, 10.465609118858657
60GA, 0.0, 60ZN, 7468.009999999999, 8.598027393880292
60GA, 0.0, 60ZN, 7494.0199999999995, 3.0380535125176142
60GA, 0.0, 60ZN, 7495.02, 234035.43965229025
60GA, 0.0, 60ZN, 7509.03, 1.969752103996338
60GA, 0.0, 60ZN, 7512.0199999999995, 98.03215846926427
60GA, 0.0, 60ZN, 7534.03, 31.62356179429199
60GA, 0.0, 60ZN, 7540.03, 2.514176155314137
60GA, 0.0, 60ZN, 7581.03, 30.05463460283681
60GA, 0.0, 60ZN, 7584.009999999999, 1075.2011010059275
60GA, 0.0, 60ZN, 7590.02, 15.094840559776205
60GA, 0.0, 60ZN, 7591.02, 117017.71982614513
60GA, 0.0, 60ZN, 7606.03, 1.406854711061114
60GA, 0.0, 60ZN, 7636.02, 2.4616393681938114
60GA, 0.0, 60ZN, 7637.0199999999995, 5200.787547828672
60GA, 0.0, 60ZN, 7649.02, 1.8337263642004011
60GA, 0.0, 60ZN, 7650.02, 720.848376752434
60GA, 0.0, 60ZN, 7658.01, 179.7047143478041
60GA, 0.0, 60ZN, 7661.03, 1.1097337025935239
60GA, 0.0, 60ZN, 7696.009999999999, 1.561666056382445
60GA, 0.0, 60ZN, 7715.02, 291.57239159338485
60GA, 0.0, 60ZN, 7723.03, 13.726418747934911
60GA, 0.0, 60ZN, 7742.02, 33433.634236041464
60GA, 0.0, 60ZN, 7743.02, 70210.63189568707
60GA, 0.0, 60ZN, 7777.03, 6.909271181846432
60GA, 0.0, 60ZN, 7788.03, 35.1528657520092
60GA, 0.0, 60ZN, 7803.009999999999, 8.773515654007436
60GA, 0.0, 60ZN, 7808.0199999999995, 105.79726704499771
60GA, 0.0, 60ZN, 7809.02, 9627.55130109479
60GA, 0.0, 60ZN, 7811.009999999999, 27031.201729996912
60GA, 0.0, 60ZN, 7817.02, 63891.93136181088
60GA, 0.0, 60ZN, 7818.0199999999995, 11713.52074966533
60GA, 0.0, 60ZN, 7879.03, 6.8960530341943755
60GA, 0.0, 60ZN, 7886.02, 18.428592835826617
60GA, 0.0, 60ZN, 7887.0199999999995, 63891.93136181088
60GA, 0.0, 60ZN, 7901.03, 7.586804751715529
60GA, 0.0, 60ZN, 7905.02, 23427.04149933066
60GA, 0.0, 60ZN, 7906.0199999999995, 175702.81124497994
60GA, 0.0, 60ZN, 7925.009999999999, 3.031187979728801
60GA, 0.0, 60ZN, 7938.03, 39.2500416050441
60GA, 0.0, 60ZN, 7948.02, 6.97662495761202
60GA, 0.0, 60ZN, 7959.009999999999, 7.654895274908724
60GA, 0.0, 60ZN, 7966.03, 3.8149198813416048
60GA, 0.0, 60ZN, 7988.03, 2366.3678282152177
60GA, 0.0, 60ZN, 8010.019999999999, 122.91207502272118
60GA, 0.0, 60ZN, 8011.019999999999, 1006.8929011173635
60GA, 0.0, 60ZN, 8010.009999999999, 40.80892143653001
60GA, 0.0, 60ZN, 8023.019999999999, 17.665231745128054
60GA, 0.0, 60ZN, 8029.030000000001, 3.47487698687261
60GA, 0.0, 60ZN, 8058.019999999999, 15.92448554357003
60GA, 0.0, 60ZN, 8078.019999999999, 27.17754234261097
60GA, 0.0, 60ZN, 8079.0199999999995, 4338.341018394566
60GA, 0.0, 60ZN, 8081.009999999999, 14.034611597737879
60GA, 0.0, 60ZN, 8083.0199999999995, 82.18092200420016
60GA, 0.0, 60ZN, 8084.019999999999, 681.0186482363563
60GA, 0.0, 60ZN, 8088.03, 666.1717961894974
60GA, 0.0, 60ZN, 8103.030000000001, 23.482617026292885
60GA, 0.0, 60ZN, 8120.019999999999, 10.157406130476351
60GA, 0.0, 60ZN, 8121.0199999999995, 5667.832620805804
60GA, 0.0, 60ZN, 8121.030000000001, 71.9798489328062
60GA, 0.0, 60ZN, 8127.01, 9.000476973848318
60GA, 0.0, 60ZN, 8163.01, 33.211002976085425
60GA, 0.0, 60ZN, 8164.030000000001, 6.279080890385153
60GA, 0.0, 60ZN, 8170.0199999999995, 1257.2651967440427
60GA, 0.0, 60ZN, 8171.019999999999, 7320.950468540831
60GA, 0.0, 60ZN, 8173.009999999999, 3567.5697714716734
60GA, 0.0, 60ZN, 8182.030000000001, 42.460805037452864
60GA, 0.0, 60ZN, 8182.01, 20.61150932547128
60GA, 0.0, 60ZN, 8189.0199999999995, 48.52328396713061
60GA, 0.0, 60ZN, 8190.019999999999, 318.1581009415662
60GA, 0.0, 60ZN, 8201.03, 26.530189308818834
60GA, 0.0, 60ZN, 8212.03, 213.94558446877312
60GA, 0.0, 60ZN, 8226.02, 202.83152813273296
60GA, 0.0, 60ZN, 8227.02, 3882.9350551376783
60GA, 0.0, 60ZN, 8247.03, 243.86233344202626
60GA, 0.0, 60ZN, 8255.02, 220.19329825968654
60GA, 0.0, 60ZN, 8264.019999999999, 7484.2296589329635
60GA, 0.0, 60ZN, 8265.02, 467.7643536833102
60GA, 0.0, 60ZN, 8266.03, 401.5511346687777
60GA, 0.0, 60ZN, 8294.03, 5135.164875472252
60GA, 0.0, 60ZN, 8298.019999999999, 1516.201698145902
60GA, 0.0, 60ZN, 8299.019999999999, 373.0209904240183
60GA, 0.0, 60ZN, 8306.03, 73.20682496771056
60GA, 0.0, 60ZN, 8315.019999999999, 8.563817260373689
60GA, 0.0, 60ZN, 8316.02, 351758.7939698493
60GA, 0.0, 60ZN, 8318.03, 23.522722614006238
60GA, 0.0, 60ZN, 8325.019999999999, 23450.586264656617
60GA, 0.0, 60ZN, 8326.02, 10345.846881466156
60GA, 0.0, 60ZN, 8328.03, 140.31064777417203
60GA, 0.0, 60ZN, 8350.009999999998, 56.69870953737094
60GA, 0.0, 60ZN, 8363.009999999998, 13.766389870454338
60GA, 0.0, 60ZN, 8374.01, 33.60003763204215
60GA, 0.0, 60ZN, 8381.019999999999, 391.0603601665917
60GA, 0.0, 60ZN, 8392.03, 115.59605454152128
60GA, 0.0, 60ZN, 8394.01, 861.0986388490802
60GA, 0.0, 60ZN, 8401.019999999999, 11.453464247520488
60GA, 0.0, 60ZN, 8402.019999999999, 1242.96393628922
60GA, 0.0, 60ZN, 8402.03, 16.318748995377018
60GA, 0.0, 60ZN, 8425.02, 21.24403877097773
60GA, 0.0, 60ZN, 8426.019999999999, 15293.86060738475
60GA, 0.0, 60ZN, 8437.03, 55.68446952190111
60GA, 0.0, 60ZN, 8445.03, 23.083557697270027
60GA, 0.0, 60ZN, 8475.03, 41383.38752586462
60GA, 0.0, 60ZN, 8482.019999999999, 6.503874381197003
60GA, 0.0, 60ZN, 8483.02, 100502.5125628141
60GA, 0.0, 60ZN, 8487.019999999999, 19.34015801461674
60GA, 0.0, 60ZN, 8488.019999999999, 21984.92462311558
60GA, 0.0, 60ZN, 8489.03, 31.26050157474777
60GA, 0.0, 60ZN, 8508.009999999998, 18.83682092587819
60GA, 0.0, 60ZN, 8512.03, 10.860943078960997
60GA, 0.0, 60ZN, 8532.03, 94.71157619005098
60GA, 0.0, 60ZN, 8537.02, 92.50724364756063
60GA, 0.0, 60ZN, 8538.019999999999, 4043.2045283890725
60GA, 0.0, 60ZN, 8547.03, 26.821105144479553
60GA, 0.0, 60ZN, 8556.03, 84.08241758571752
60GA, 0.0, 60ZN, 8559.019999999999, 17.654142733744003
60GA, 0.0, 60ZN, 8560.02, 703517.5879396986
60GA, 0.0, 60ZN, 8567.01, 19.33112378588461
60GA, 0.0, 60ZN, 8568.009999999998, 1387.6086547134094
60GA, 0.0, 60ZN, 8579.02, 10.925543358487056
60GA, 0.0, 60ZN, 8580.019999999999, 37027.24147051045
60GA, 0.0, 60ZN, 8580.01, 8.330482622345484
60GA, 0.0, 60ZN, 8591.019999999999, 1542.8017279379355
60GA, 0.0, 60ZN, 8592.02, 4721.594549930863
60GA, 0.0, 60ZN, 8592.03, 15.532246830478616
60GA, 0.0, 60ZN, 8594.03, 1164.7642184432095
60GA, 0.0, 60ZN, 8595.01, 87939.69849246232
60GA, 0.0, 60ZN, 8607.03, 31.593779816629706
60GA, 0.0, 60ZN, 8624.02, 6.349120081796984
60GA, 0.0, 60ZN, 8625.019999999999, 352112.6760563381
60GA, 0.0, 60ZN, 8635.019999999999, 75.80466653527192
60GA, 0.0, 60ZN, 8636.019999999999, 15649.45226917058
60GA, 0.0, 60ZN, 8644.019999999999, 42.56681286947994
60GA, 0.0, 60ZN, 8645.019999999999, 39123.630672926454
60GA, 0.0, 60ZN, 8646.02, 7.562882341516776
60GA, 0.0, 60ZN, 8647.019999999999, 352112.6760563381
60GA, 0.0, 60ZN, 8652.03, 10.792891111169153
60GA, 0.0, 60ZN, 8658.009999999998, 179.92471949736233
60GA, 0.0, 60ZN, 8676.03, 4.485940389926911
60GA, 0.0, 60ZN, 8679.03, 9.090766944371415
60GA, 0.0, 60ZN, 8681.019999999999, 83.212259495767
60GA, 0.0, 60ZN, 8695.02, 70422.53521126762
60GA, 0.0, 60ZN, 8696.019999999999, 234741.7840375587
60GA, 0.0, 60ZN, 8697.009999999998, 111.6754443565931
60GA, 0.0, 60ZN, 8711.02, 10.773572684770006
60GA, 0.0, 60ZN, 8712.019999999999, 2479.666732791113
60GA, 0.0, 60ZN, 8717.02, 59.36818008031327
60GA, 0.0, 60ZN, 8718.019999999999, 4347.0700747696055
60GA, 0.0, 60ZN, 8728.019999999999, 16.84266124827026
60GA, 0.0, 60ZN, 8729.019999999999, 35211.26760563381
60GA, 0.0, 60ZN, 8731.03, 16.307174993925578
60GA, 0.0, 60ZN, 8732.009999999998, 10.152459484072315
60GA, 0.0, 60ZN, 8738.03, 46.1303125974503
60GA, 0.0, 60ZN, 8753.03, 16.224147631955862
60GA, 0.0, 60ZN, 8758.019999999999, 111.5516160482617
60GA, 0.0, 60ZN, 8759.02, 46948.356807511744
60GA, 0.0, 60ZN, 8761.009999999998, 97.25526199595029
60GA, 0.0, 60ZN, 8762.03, 272.7441332736933
60GA, 0.0, 60ZN, 8785.019999999999, 5.696279611682341
60GA, 0.0, 60ZN, 8786.019999999999, 2898.0467165130704
60GA, 0.0, 60ZN, 8797.03, 176056.33802816906
60GA, 0.0, 60ZN, 8800.02, 37064.49221645664
60GA, 0.0, 60ZN, 8801.019999999999, 19561.815336463227
60GA, 0.0, 60ZN, 8818.03, 10.668141430538025
60GA, 0.0, 60ZN, 8825.03, 70422.53521126762
60GA, 0.0, 60ZN, 8837.019999999999, 53.02901747836416
60GA, 0.0, 60ZN, 8838.019999999999, 352112.6760563381
60GA, 0.0, 60ZN, 8854.03, 4.385237885999602
60GA, 0.0, 60ZN, 8855.01, 248.93084203346632
60GA, 0.0, 60ZN, 8862.019999999999, 88028.16901408453
60GA, 0.0, 60ZN, 8863.019999999999, 352112.6760563381
60GA, 0.0, 60ZN, 8869.019999999999, 6.9447492417722785
60GA, 0.0, 60ZN, 8870.019999999999, 23474.178403755872
60GA, 0.0, 60ZN, 8882.009999999998, 25.454414017207622
60GA, 0.0, 60ZN, 8889.03, 53.99314811523804
60GA, 0.0, 60ZN, 8895.019999999999, 12.108532443446148
60GA, 0.0, 60ZN, 8896.02, 176233.63544813698
60GA, 0.0, 60ZN, 8899.03, 16.82622131024103
60GA, 0.0, 60ZN, 8906.01, 4.852815526269923
60GA, 0.0, 60ZN, 8908.009999999998, 187.93242916356914
60GA, 0.0, 60ZN, 8913.03, 91.17104782624779
60GA, 0.0, 60ZN, 8921.019999999999, 60.86466428877118
60GA, 0.0, 60ZN, 8922.02, 1194.8043081229625
60GA, 0.0, 60ZN, 8946.019999999999, 11.955135110532485
60GA, 0.0, 60ZN, 8947.019999999999, 33568.31151393086
60GA, 0.0, 60ZN, 8949.03, 9.308032611410303
60GA, 0.0, 60ZN, 8952.019999999999, 32.16235704866082
60GA, 0.0, 60ZN, 8953.019999999999, 46995.63611950319
60GA, 0.0, 60ZN, 8965.03, 160.17599222734557
60GA, 0.0, 60ZN, 8985.03, 27.338938987494586
60GA, 0.0, 60ZN, 8992.02, 6.812080648923475
60GA, 0.0, 60ZN, 8993.02, 176233.63544813698
60GA, 0.0, 60ZN, 8995.009999999998, 20.42045542691544
60GA, 0.0, 60ZN, 9009.01, 22.942606971052136
60GA, 0.0, 60ZN, 9011.019999999999, 11.015807069406776
60GA, 0.0, 60ZN, 9012.02, 5035.246727089628
60GA, 0.0, 60ZN, 9018.01, 70493.4541792548
60GA, 0.0, 60ZN, 9027.03, 159.19930934791054
60GA, 0.0, 60ZN, 9027.009999999998, 20.30516870099801
60GA, 0.0, 60ZN, 9049.009999999998, 108.03594510230619
60GA, 0.0, 60ZN, 9071.01, 27.13687268709042
60GA, 0.0, 60ZN, 9120.009999999998, 19.88629132257701
60GA, 0.0, 60ZN, 9132.009999999998, 62.629374393389774
60GA, 0.0, 60ZN, 9172.01, 850.1748931208707
60GA, 0.0, 60ZN, 9217.01, 32.55421485930627
60GA, 0.0, 60ZN, 9252.01, 1445.9941829719728
60GA, 0.0, 60ZN, 9259.01, 51.809483207806366
60GA, 0.0, 60ZN, 9273.009999999998, 15681.003584229393
60GA, 0.0, 60ZN, 9295.01, 11972.156185328979
60GA, 0.0, 60ZN, 9342.01, 66.44315821036682
60GA, 0.0, 60ZN, 9364.01, 70.79146271140607
60GA, 0.0, 60ZN, 9367.01, 20.301704795056757
60GA, 0.0, 60ZN, 9397.01, 430.1810078772288
60GA, 0.0, 60ZN, 9424.009999999998, 1360.9965605672635
60GA, 0.0, 60ZN, 9463.009999999998, 66.15556765257365
60GA, 0.0, 60ZN, 9483.01, 41592.39453357101
60GA, 0.0, 60ZN, 9525.01, 51.963747120651654
60GA, 0.0, 60ZN, 9544.01, 70707.07070707071
60GA, 0.0, 60ZN, 9564.01, 1044.4175879921818
60GA, 0.0, 60ZN, 9570.01, 5992.124636192433
60GA, 0.0, 60ZN, 9592.01, 469.66532320019223
60GA, 0.0, 60ZN, 9605.01, 66.34661061705003
60GA, 0.0, 60ZN, 9640.01, 45.48166315786465
60GA, 0.0, 60ZN, 9659.01, 196.00820882378557
60GA, 0.0, 60ZN, 9670.01, 65.10169628979854
60GA, 0.0, 60ZN, 9712.01, 94.79556118430534
60GA, 0.0, 60ZN, 9737.01, 56.10564018779681
60GA, 0.0, 60ZN, 9752.01, 36.74993642260999
60GA, 0.0, 60ZN, 9765.01, 2451.564097894457
60GA, 0.0, 60ZN, 9821.01, 32.13065093807042
60GA, 0.0, 60ZN, 9839.01, 8443.09354947653
60GA, 0.0, 60ZN, 9850.009999999998, 96.28290227477986
60GA, 0.0, 60ZN, 9869.01, 709219.8581560286
60GA, 0.0, 60ZN, 9880.01, 2578.981302385558
60GA, 0.0, 60ZN, 9893.01, 462.9372442271726
60GA, 0.0, 60ZN, 9922.01, 4033.745159505809
60GA, 0.0, 60ZN, 9945.01, 3113.7681933027297
60GA, 0.0, 60ZN, 9957.01, 88742.3935091278
60GA, 0.0, 60ZN, 9961.01, 1109.2799188640975
60GA, 0.0, 60ZN, 9989.01, 168.99289409022194
60GA, 0.0, 60ZN, 10021.01, 335.05888659931986
PROTON
60ZN, 5175.0199999999995, 59CU, 0.0, 3.329684120295427e+16
60ZN, 5176.02, 59CU, 0.0, 3.329684120295427e+16
60ZN, 5197.03, 59CU, 0.0, 6.70775583580462e+16
60ZN, 5212.009999999999, 59CU, 0.0, 169962030.8570248
60ZN, 5321.03, 59CU, 0.0, 7.854370503090618
60ZN, 5438.0199999999995, 59CU, 0.0, 0.0004036376751701723
60ZN, 5439.02, 59CU, 0.0, 0.0004036376751701723
60ZN, 5442.02, 59CU, 0.0, 0.0004036376751701723
60ZN, 5443.0199999999995, 59CU, 0.0, 0.0004036376751701723
60ZN, 5488.03, 59CU, 0.0, 3.3802996964872636e-05
60ZN, 5492.03, 59CU, 0.0, 3.3802996964872636e-05
60ZN, 5508.009999999999, 59CU, 0.0, 1.2549800886592435e-05
60ZN, 5588.02, 59CU, 0.0, 1.3829725530529056e-07
60ZN, 5589.02, 59CU, 0.0, 1.3829725530529056e-07
60ZN, 5588.009999999999, 59CU, 0.0, 1.0333971126008728e-07
60ZN, 5605.02, 59CU, 0.0, 1.3829725530529056e-07
60ZN, 5606.02, 59CU, 0.0, 1.3829725530529056e-07
60ZN, 5791.02, 59CU, 0.0, 2.9190294775821543e-10
60ZN, 5792.0199999999995, 59CU, 0.0, 2.9190294775821543e-10
60ZN, 5886.03, 59CU, 0.0, 7.009935960680319e-11
60ZN, 5919.03, 59CU, 0.0, 2.8250652684664574e-11
60ZN, 5930.0199999999995, 59CU, 0.0, 1.4069168025393295e-11
60ZN, 5931.02, 59CU, 0.0, 1.4069168025393295e-11
60ZN, 5993.01, 59CU, 0.0, 4.608036662699524e-12
60ZN, 6014.02, 59CU, 0.0, 2.8980801202007746e-12
60ZN, 6015.0199999999995, 59CU, 0.0, 2.8980801202007746e-12
60ZN, 6049.03, 59CU, 0.0, 5.816134637271361e-12
60ZN, 6055.0199999999995, 59CU, 0.0, 2.8980801202007746e-12
60ZN, 6056.02, 59CU, 0.0, 2.8980801202007746e-12
60ZN, 6058.03, 59CU, 0.0, 5.816134637271361e-12
60ZN, 6074.0199999999995, 59CU, 0.0, 1.4510525713718833e-12
60ZN, 6075.02, 59CU, 0.0, 1.4510525713718833e-12
60ZN, 6135.009999999999, 59CU, 0.0, 5.743058693831253e-13
60ZN, 6143.03, 59CU, 0.0, 1.5394970340311074e-12
60ZN, 6195.02, 59CU, 0.0, 4.2613748342612973e-13
60ZN, 6196.0199999999995, 59CU, 0.0, 4.2613748342612973e-13
60ZN, 6248.02, 59CU, 0.0, 2.4701165493301307e-13
60ZN, 6249.0199999999995, 59CU, 0.0, 2.4701165493301307e-13
60ZN, 6251.01, 59CU, 0.0, 1.8486503493891308e-13
60ZN, 6289.03, 59CU, 0.0, 2.982518269518329e-13
60ZN, 6334.03, 59CU, 0.0, 1.8595133963330225e-13
60ZN, 6343.02, 59CU, 0.0, 9.27856266510664e-14
60ZN, 6344.02, 59CU, 0.0, 9.27856266510664e-14
60ZN, 6344.03, 59CU, 0.0, 1.8595133963330225e-13
60ZN, 6360.02, 59CU, 0.0, 5.96909365103836e-14
60ZN, 6361.0199999999995, 59CU, 0.0, 5.96909365103836e-14
60ZN, 6364.009999999999, 59CU, 0.0, 4.466996653545979e-14
60ZN, 6381.03, 59CU, 0.0, 1.1961400685105763e-13
60ZN, 6415.02, 59CU, 0.0, 3.9494297185887436e-14
60ZN, 6416.02, 59CU, 0.0, 3.9494297185887436e-14
60ZN, 6442.02, 59CU, 0.0, 3.9494297185887436e-14
60ZN, 6443.0199999999995, 59CU, 0.0, 3.9494297185887436e-14
60ZN, 6453.01, 59CU, 0.0, 2.954935833445567e-14
60ZN, 6535.01, 59CU, 0.0, 1.3924517810450602e-14
60ZN, 6552.0199999999995, 59CU, 0.0, 1.8628288812475236e-14
60ZN, 6553.02, 59CU, 0.0, 1.8628288812475236e-14
60ZN, 6564.02, 59CU, 0.0, 1.3222152164480424e-14
60ZN, 6565.02, 59CU, 0.0, 1.3222152164480424e-14
60ZN, 6568.03, 59CU, 0.0, 2.652796859987103e-14
60ZN, 6589.03, 59CU, 0.0, 2.652796859987103e-14
60ZN, 6589.02, 59CU, 0.0, 1.3222152164480424e-14
60ZN, 6590.02, 59CU, 0.0, 1.3222152164480424e-14
60ZN, 6646.009999999999, 59CU, 0.0, 7.141436907603507e-15
60ZN, 6682.02, 59CU, 0.0, 7.052145035624364e-15
60ZN, 6683.0199999999995, 59CU, 0.0, 7.052145035624364e-15
60ZN, 6683.03, 59CU, 0.0, 1.4173078893650006e-14
60ZN, 6709.0199999999995, 59CU, 0.0, 7.052145035624364e-15
60ZN, 6710.02, 59CU, 0.0, 5.283448040616471e-15
60ZN, 6719.01, 59CU, 0.0, 3.932440894372087e-15
60ZN, 6733.0199999999995, 59CU, 0.0, 5.283448040616471e-15
60ZN, 6734.02, 59CU, 0.0, 5.283448040616471e-15
60ZN, 6758.02, 59CU, 0.0, 5.283448040616471e-15
60ZN, 6759.02, 59CU, 0.0, 5.283448040616471e-15
60ZN, 6794.03, 59CU, 0.0, 7.824771536751506e-15
60ZN, 6796.03, 59CU, 0.0, 7.824771536751506e-15
60ZN, 6856.03, 59CU, 0.0, 6.04363196125241e-15
60ZN, 6864.009999999999, 59CU, 0.0, 1.7272730912955624e-15
60ZN, 6890.0199999999995, 59CU, 0.0, 2.336073100865985e-15
60ZN, 6891.02, 59CU, 0.0, 2.336073100865985e-15
60ZN, 6915.02, 59CU, 0.0, 1.8408433742588655e-15
60ZN, 6916.02, 59CU, 0.0, 1.8408433742588655e-15
60ZN, 6928.03, 59CU, 0.0, 3.7415413648249204e-15
60ZN, 6956.01, 59CU, 0.0, 1.356355005151665e-15
60ZN, 6976.02, 59CU, 0.0, 1.4670945211189123e-15
60ZN, 6977.02, 59CU, 0.0, 1.4670945211189123e-15
60ZN, 6992.009999999999, 59CU, 0.0, 1.0770231974670287e-15
60ZN, 7001.03, 59CU, 0.0, 2.9937776626034744e-15
60ZN, 7036.03, 59CU, 0.0, 2.421143076951372e-15
60ZN, 7080.03, 59CU, 0.0, 1.976849942635752e-15
60ZN, 7106.02, 59CU, 0.0, 9.608793403016015e-16
60ZN, 7107.02, 59CU, 0.0, 9.608793403016015e-16
60ZN, 7124.03, 59CU, 0.0, 1.6291971904160788e-15
60ZN, 7127.0199999999995, 59CU, 0.0, 7.88627244287888e-16
60ZN, 7128.02, 59CU, 0.0, 7.88627244287888e-16
60ZN, 7155.03, 59CU, 0.0, 1.6291971904160788e-15
60ZN, 7176.02, 59CU, 0.0, 6.529232783454023e-16
60ZN, 7177.0199999999995, 59CU, 0.0, 6.529232783454023e-16
60ZN, 7183.009999999999, 59CU, 0.0, 4.71735079839461e-16
60ZN, 7190.03, 59CU, 0.0, 1.3544849406317521e-15
60ZN, 7202.02, 59CU, 0.0, 6.529232783454023e-16
60ZN, 7203.02, 59CU, 0.0, 6.529232783454023e-16
60ZN, 7210.009999999999, 59CU, 0.0, 3.9197948838732727e-16
60ZN, 7212.03, 59CU, 0.0, 1.1347699415557547e-15
60ZN, 7232.03, 59CU, 0.0, 1.1347699415557547e-15
60ZN, 7241.0199999999995, 59CU, 0.0, 5.447421641148721e-16
60ZN, 7242.02, 59CU, 0.0, 5.447421641148721e-16
60ZN, 7242.03, 59CU, 0.0, 1.1347699415557547e-15
60ZN, 7268.03, 59CU, 0.0, 9.579705088125282e-16
60ZN, 7296.03, 59CU, 0.0, 9.579705088125282e-16
60ZN, 7321.0199999999995, 59CU, 0.0, 3.8786797695934e-16
60ZN, 7322.02, 59CU, 0.0, 3.8786797695934e-16
60ZN, 7346.009999999999, 59CU, 0.0, 2.768038844779006e-16
60ZN, 7358.0199999999995, 59CU, 0.0, 3.8786797695934e-16
60ZN, 7359.02, 59CU, 0.0, 3.8786797695934e-16
60ZN, 7385.0199999999995, 59CU, 0.0, 3.306102551107539e-16
60ZN, 7386.02, 59CU, 0.0, 3.306102551107539e-16
60ZN, 7411.0199999999995, 59CU, 0.0, 2.8361425236987247e-16
60ZN, 7412.02, 59CU, 0.0, 2.8361425236987247e-16
60ZN, 7416.03, 59CU, 0.0, 6.000108996353692e-16
60ZN, 7445.01, 59CU, 0.0, 2.0076619091047735e-16
60ZN, 7461.03, 59CU, 0.0, 5.196683695720827e-16
60ZN, 7468.009999999999, 59CU, 0.0, 1.7259143532527466e-16
60ZN, 7494.0199999999995, 59CU, 0.0, 2.4477035324086125e-16
60ZN, 7495.02, 59CU, 0.0, 2.4477035324086125e-16
60ZN, 7509.03, 59CU, 0.0, 5.196683695720827e-16
60ZN, 7512.0199999999995, 59CU, 0.0, 2.1239495221039043e-16
60ZN, 7513.02, 59CU, 0.0, 2.1239495221039043e-16
60ZN, 7534.03, 59CU, 0.0, 4.523793518213058e-16
60ZN, 7540.03, 59CU, 0.0, 4.523793518213058e-16
60ZN, 7581.03, 59CU, 0.0, 3.9584553578301656e-16
60ZN, 7584.009999999999, 59CU, 0.0, 1.2968927095935214e-16
60ZN, 7590.02, 59CU, 0.0, 1.853074202984234e-16
60ZN, 7591.02, 59CU, 0.0, 1.853074202984234e-16
60ZN, 7606.03, 59CU, 0.0, 3.9584553578301656e-16
60ZN, 7636.02, 59CU, 0.0, 1.625094331037207e-16
60ZN, 7637.0199999999995, 59CU, 0.0, 1.625094331037207e-16
60ZN, 7649.02, 59CU, 0.0, 1.625094331037207e-16
60ZN, 7650.02, 59CU, 0.0, 1.625094331037207e-16
60ZN, 7658.01, 59CU, 0.0, 1.133285049758953e-16
60ZN, 7661.03, 59CU, 0.0, 3.0734588947515877e-16
60ZN, 7696.009999999999, 59CU, 0.0, 9.950294133030989e-17
60ZN, 7715.02, 59CU, 0.0, 1.2670836754769284e-16
60ZN, 7716.02, 59CU, 0.0, 1.2670836754769284e-16
60ZN, 7723.03, 59CU, 0.0, 2.725515349482401e-16
60ZN, 7742.02, 59CU, 0.0, 1.2670836754769284e-16
60ZN, 7743.02, 59CU, 0.0, 1.2670836754769284e-16
60ZN, 7777.03, 59CU, 0.0, 2.4270352393067847e-16
60ZN, 7788.03, 59CU, 0.0, 2.4270352393067847e-16
60ZN, 7803.009999999999, 59CU, 0.0, 7.780283178486996e-17
60ZN, 7808.0199999999995, 59CU, 0.0, 1.1264194765034056e-16
60ZN, 7809.02, 59CU, 0.0, 1.1264194765034056e-16
60ZN, 7811.009999999999, 59CU, 0.0, 6.923955239157189e-17
60ZN, 7817.02, 59CU, 0.0, 1.0052720949660944e-16
60ZN, 7818.0199999999995, 59CU, 0.0, 1.0052720949660944e-16
60ZN, 7879.03, 59CU, 0.0, 1.9454157264881478e-16
60ZN, 7886.02, 59CU, 0.0, 9.009074018970448e-17
60ZN, 7887.0199999999995, 59CU, 0.0, 9.009074018970448e-17
60ZN, 7901.03, 59CU, 0.0, 1.9454157264881478e-16
60ZN, 7905.02, 59CU, 0.0, 9.009074018970448e-17
60ZN, 7906.0199999999995, 59CU, 0.0, 9.009074018970448e-17
60ZN, 7925.009999999999, 59CU, 0.0, 5.556875955255382e-17
60ZN, 7938.03, 59CU, 0.0, 1.7526146471935242e-16
60ZN, 7948.02, 59CU, 0.0, 8.11035347413039e-17
60ZN, 7949.0199999999995, 59CU, 0.0, 8.11035347413039e-17
60ZN, 7959.009999999999, 59CU, 0.0, 5.556875955255382e-17
60ZN, 7966.03, 59CU, 0.0, 1.5832297996343867e-16
60ZN, 7988.03, 59CU, 0.0, 1.5832297996343867e-16
60ZN, 8010.019999999999, 59CU, 0.0, 6.636739938695464e-17
60ZN, 8011.019999999999, 59CU, 0.0, 6.636739938695464e-17
60ZN, 8010.009999999999, 59CU, 0.0, 4.5275275615628005e-17
60ZN, 8023.019999999999, 59CU, 0.0, 6.636739938695464e-17
60ZN, 8024.019999999999, 59CU, 0.0, 6.636739938695464e-17
60ZN, 8029.030000000001, 59CU, 0.0, 1.4342629584677066e-16
60ZN, 8058.019999999999, 59CU, 0.0, 6.636739938695464e-17
60ZN, 8059.019999999999, 59CU, 0.0, 6.636739938695464e-17
60ZN, 8078.019999999999, 59CU, 0.0, 6.033106846012832e-17
60ZN, 8079.0199999999995, 59CU, 0.0, 6.033106846012832e-17
60ZN, 8081.009999999999, 59CU, 0.0, 4.108175988640619e-17
60ZN, 8083.0199999999995, 59CU, 0.0, 6.033106846012832e-17
60ZN, 8084.019999999999, 59CU, 0.0, 6.033106846012832e-17
60ZN, 8088.03, 59CU, 0.0, 1.3030029830743344e-16
60ZN, 8103.030000000001, 59CU, 0.0, 1.3030029830743344e-16
60ZN, 8120.019999999999, 59CU, 0.0, 5.498846757727652e-17
60ZN, 8121.0199999999995, 59CU, 0.0, 5.498846757727652e-17
60ZN, 8121.030000000001, 59CU, 0.0, 1.186330870536921e-16
60ZN, 8127.01, 59CU, 0.0, 3.738566153016017e-17
60ZN, 8163.01, 59CU, 0.0, 3.412900326143316e-17
60ZN, 8164.030000000001, 59CU, 0.0, 1.082870421327981e-16
60ZN, 8170.0199999999995, 59CU, 0.0, 5.026437242458953e-17
60ZN, 8171.019999999999, 59CU, 0.0, 5.026437242458953e-17
60ZN, 8173.009999999999, 59CU, 0.0, 3.412900326143316e-17
60ZN, 8182.030000000001, 59CU, 0.0, 1.082870421327981e-16
60ZN, 8182.01, 59CU, 0.0, 3.412900326143316e-17
60ZN, 8189.0199999999995, 59CU, 0.0, 5.026437242458953e-17
60ZN, 8190.019999999999, 59CU, 0.0, 5.026437242458953e-17
60ZN, 8201.03, 59CU, 0.0, 1.082870421327981e-16
60ZN, 8212.03, 59CU, 0.0, 9.908354010236338e-17
60ZN, 8226.02, 59CU, 0.0, 4.608036662699524e-17
60ZN, 8227.02, 59CU, 0.0, 4.608036662699524e-17
60ZN, 8247.03, 59CU, 0.0, 9.908354010236338e-17
60ZN, 8255.02, 59CU, 0.0, 4.608036662699524e-17
60ZN, 8256.019999999999, 59CU, 0.0, 4.608036662699524e-17
60ZN, 8264.019999999999, 59CU, 0.0, 4.235053126367262e-17
60ZN, 8265.02, 59CU, 0.0, 4.235053126367262e-17
60ZN, 8266.03, 59CU, 0.0, 9.084674987923204e-17
60ZN, 8294.03, 59CU, 0.0, 9.084674987923204e-17
60ZN, 8298.019999999999, 59CU, 0.0, 4.235053126367262e-17
60ZN, 8299.019999999999, 59CU, 0.0, 4.235053126367262e-17
60ZN, 8306.03, 59CU, 0.0, 9.084674987923204e-17
60ZN, 8315.019999999999, 59CU, 0.0, 3.902133963125445e-17
60ZN, 8316.02, 59CU, 0.0, 3.902133963125445e-17
60ZN, 8318.03, 59CU, 0.0, 8.347541019137359e-17
60ZN, 8325.019999999999, 59CU, 0.0, 3.902133963125445e-17
60ZN, 8326.02, 59CU, 0.0, 3.902133963125445e-17
60ZN, 8328.03, 59CU, 0.0, 8.347541019137359e-17
60ZN, 8350.009999999998, 59CU, 0.0, 2.6427846980647233e-17
60ZN, 8363.009999999998, 59CU, 0.0, 2.4406242608179763e-17
60ZN, 8374.01, 59CU, 0.0, 2.4406242608179763e-17
60ZN, 8381.019999999999, 59CU, 0.0, 3.6046657004381157e-17
60ZN, 8382.019999999999, 59CU, 0.0, 3.6046657004381157e-17
60ZN, 8392.03, 59CU, 0.0, 7.686698083615555e-17
60ZN, 8394.01, 59CU, 0.0, 2.4406242608179763e-17
60ZN, 8401.019999999999, 59CU, 0.0, 3.6046657004381157e-17
60ZN, 8402.019999999999, 59CU, 0.0, 3.6046657004381157e-17
60ZN, 8402.03, 59CU, 0.0, 7.686698083615555e-17
60ZN, 8425.02, 59CU, 0.0, 3.337111929121882e-17
60ZN, 8426.019999999999, 59CU, 0.0, 3.337111929121882e-17
60ZN, 8437.03, 59CU, 0.0, 7.090127181558679e-17
60ZN, 8445.03, 59CU, 0.0, 7.090127181558679e-17
60ZN, 8475.03, 59CU, 0.0, 6.552632721752116e-17
60ZN, 8482.019999999999, 59CU, 0.0, 3.096593700131727e-17
60ZN, 8483.02, 59CU, 0.0, 3.096593700131727e-17
60ZN, 8487.019999999999, 59CU, 0.0, 3.096593700131727e-17
60ZN, 8488.019999999999, 59CU, 0.0, 3.096593700131727e-17
60ZN, 8489.03, 59CU, 0.0, 6.552632721752116e-17
60ZN, 8508.009999999998, 59CU, 0.0, 2.0972182791142266e-17
60ZN, 8512.03, 59CU, 0.0, 6.067028822011245e-17
60ZN, 8532.03, 59CU, 0.0, 6.067028822011245e-17
60ZN, 8537.02, 59CU, 0.0, 2.879695309533184e-17
60ZN, 8538.019999999999, 59CU, 0.0, 2.879695309533184e-17
60ZN, 8547.03, 59CU, 0.0, 6.067028822011245e-17
60ZN, 8556.03, 59CU, 0.0, 6.067028822011245e-17
60ZN, 8559.019999999999, 59CU, 0.0, 2.879695309533184e-17
60ZN, 8560.02, 59CU, 0.0, 2.682746920317913e-17
60ZN, 8567.01, 59CU, 0.0, 1.819471353659885e-17
60ZN, 8568.009999999998, 59CU, 0.0, 1.819471353659885e-17
60ZN, 8579.02, 59CU, 0.0, 2.682746920317913e-17
60ZN, 8580.019999999999, 59CU, 0.0, 2.682746920317913e-17
60ZN, 8580.01, 59CU, 0.0, 1.819471353659885e-17
60ZN, 8591.019999999999, 59CU, 0.0, 2.682746920317913e-17
60ZN, 8592.02, 59CU, 0.0, 2.682746920317913e-17
60ZN, 8592.03, 59CU, 0.0, 5.624301092882167e-17
60ZN, 8594.03, 59CU, 0.0, 5.624301092882167e-17
60ZN, 8595.01, 59CU, 0.0, 1.819471353659885e-17
60ZN, 8607.03, 59CU, 0.0, 5.624301092882167e-17
60ZN, 8624.02, 59CU, 0.0, 2.504040009510766e-17
60ZN, 8625.019999999999, 59CU, 0.0, 2.504040009510766e-17
60ZN, 8635.019999999999, 59CU, 0.0, 2.504040009510766e-17
60ZN, 8636.019999999999, 59CU, 0.0, 2.504040009510766e-17
60ZN, 8644.019999999999, 59CU, 0.0, 2.504040009510766e-17
60ZN, 8645.019999999999, 59CU, 0.0, 2.504040009510766e-17
60ZN, 8646.02, 59CU, 0.0, 2.504040009510766e-17
60ZN, 8647.019999999999, 59CU, 0.0, 2.504040009510766e-17
60ZN, 8652.03, 59CU, 0.0, 5.222246563789273e-17
60ZN, 8658.009999999998, 59CU, 0.0, 1.7001471184295494e-17
60ZN, 8676.03, 59CU, 0.0, 4.8565775614255143e-17
60ZN, 8679.03, 59CU, 0.0, 4.8565775614255143e-17
60ZN, 8681.019999999999, 59CU, 0.0, 2.3417246225273944e-17
60ZN, 8682.02, 59CU, 0.0, 2.3417246225273944e-17
60ZN, 8695.02, 59CU, 0.0, 2.3417246225273944e-17
60ZN, 8696.019999999999, 59CU, 0.0, 2.3417246225273944e-17
60ZN, 8697.009999999998, 59CU, 0.0, 1.592229993226735e-17
60ZN, 8699.03, 59CU, 0.0, 4.8565775614255143e-17
60ZN, 8711.02, 59CU, 0.0, 2.1931625912968145e-17
60ZN, 8712.019999999999, 59CU, 0.0, 2.1931625912968145e-17
60ZN, 8717.02, 59CU, 0.0, 2.1931625912968145e-17
60ZN, 8718.019999999999, 59CU, 0.0, 2.1931625912968145e-17
60ZN, 8728.019999999999, 59CU, 0.0, 2.1931625912968145e-17
60ZN, 8729.019999999999, 59CU, 0.0, 2.1931625912968145e-17
60ZN, 8731.03, 59CU, 0.0, 4.5209970252077746e-17
60ZN, 8732.009999999998, 59CU, 0.0, 1.4938652252558953e-17
60ZN, 8738.03, 59CU, 0.0, 4.5209970252077746e-17
60ZN, 8753.03, 59CU, 0.0, 4.5209970252077746e-17
60ZN, 8758.019999999999, 59CU, 0.0, 2.1931625912968145e-17
60ZN, 8759.02, 59CU, 0.0, 2.1931625912968145e-17
60ZN, 8761.009999999998, 59CU, 0.0, 1.4044851315480636e-17
60ZN, 8762.03, 59CU, 0.0, 4.2147144579624764e-17
60ZN, 8785.019999999999, 59CU, 0.0, 2.057491034666e-17
60ZN, 8786.019999999999, 59CU, 0.0, 2.057491034666e-17
60ZN, 8797.03, 59CU, 0.0, 4.2147144579624764e-17
60ZN, 8800.02, 59CU, 0.0, 2.057491034666e-17
60ZN, 8801.019999999999, 59CU, 0.0, 2.057491034666e-17
60ZN, 8818.03, 59CU, 0.0, 3.934321320382546e-17
60ZN, 8825.03, 59CU, 0.0, 3.934321320382546e-17
60ZN, 8837.019999999999, 59CU, 0.0, 1.9333586632398296e-17
60ZN, 8838.019999999999, 59CU, 0.0, 1.9333586632398296e-17
60ZN, 8854.03, 59CU, 0.0, 3.934321320382546e-17
60ZN, 8855.01, 59CU, 0.0, 1.323012516130329e-17
60ZN, 8862.019999999999, 59CU, 0.0, 1.8185664941703044e-17
60ZN, 8863.019999999999, 59CU, 0.0, 1.8185664941703044e-17
60ZN, 8869.019999999999, 59CU, 0.0, 1.8185664941703044e-17
60ZN, 8870.019999999999, 59CU, 0.0, 1.8185664941703044e-17
60ZN, 8882.009999999998, 59CU, 0.0, 1.2480317726583237e-17
60ZN, 8889.03, 59CU, 0.0, 3.67510863707426e-17
60ZN, 8895.019999999999, 59CU, 0.0, 1.8185664941703044e-17
60ZN, 8896.02, 59CU, 0.0, 1.8185664941703044e-17
60ZN, 8899.03, 59CU, 0.0, 3.67510863707426e-17
60ZN, 8906.01, 59CU, 0.0, 1.2480317726583237e-17
60ZN, 8908.009999999998, 59CU, 0.0, 1.2480317726583237e-17
60ZN, 8913.03, 59CU, 0.0, 3.4367792235797825e-17
60ZN, 8921.019999999999, 59CU, 0.0, 1.7130229983864253e-17
60ZN, 8922.02, 59CU, 0.0, 1.7130229983864253e-17
60ZN, 8946.019999999999, 59CU, 0.0, 1.7130229983864253e-17
60ZN, 8947.019999999999, 59CU, 0.0, 1.7130229983864253e-17
60ZN, 8949.03, 59CU, 0.0, 3.4367792235797825e-17
60ZN, 8952.019999999999, 59CU, 0.0, 1.7130229983864253e-17
60ZN, 8953.019999999999, 59CU, 0.0, 1.7130229983864253e-17
60ZN, 8965.03, 59CU, 0.0, 3.216595596442359e-17
60ZN, 8985.03, 59CU, 0.0, 3.216595596442359e-17
60ZN, 8992.02, 59CU, 0.0, 1.615481928382093e-17
60ZN, 8993.02, 59CU, 0.0, 1.615481928382093e-17
60ZN, 8995.009999999998, 59CU, 0.0, 1.1164082175446927e-17
60ZN, 9009.01, 59CU, 0.0, 1.1164082175446927e-17
60ZN, 9011.019999999999, 59CU, 0.0, 1.5248388938053095e-17
60ZN, 9012.02, 59CU, 0.0, 1.5248388938053095e-17
60ZN, 9018.01, 59CU, 0.0, 1.0581335212603487e-17
60ZN, 9027.03, 59CU, 0.0, 3.012411702059497e-17
60ZN, 9027.009999999998, 59CU, 0.0, 1.0581335212603487e-17
60ZN, 9049.009999999998, 59CU, 0.0, 1.0581335212603487e-17
60ZN, 9071.01, 59CU, 0.0, 1.0041678722462928e-17
60ZN, 9120.009999999998, 59CU, 0.0, 9.54414495613717e-18
60ZN, 9132.009999999998, 59CU, 0.0, 9.54414495613717e-18
60ZN, 9172.01, 59CU, 0.0, 9.078535170064273e-18
60ZN, 9217.01, 59CU, 0.0, 8.646803248732297e-18
60ZN, 9252.01, 59CU, 0.0, 8.646803248732297e-18
60ZN, 9259.01, 59CU, 0.0, 8.646803248732297e-18
60ZN, 9273.009999999998, 59CU, 0.0, 8.24403447977856e-18
60ZN, 9295.01, 59CU, 0.0, 8.24403447977856e-18
60ZN, 9342.01, 59CU, 0.0, 7.864693840510443e-18
60ZN, 9364.01, 59CU, 0.0, 7.510834220345752e-18
60ZN, 9367.01, 59CU, 0.0, 7.510834220345752e-18
60ZN, 9397.01, 59CU, 0.0, 7.510834220345752e-18
60ZN, 9424.009999999998, 59CU, 0.0, 7.177023005964387e-18
60ZN, 9463.009999999998, 59CU, 0.0, 6.862593776651757e-18
60ZN, 9483.01, 59CU, 0.0, 6.862593776651757e-18
60ZN, 9525.01, 59CU, 0.0, 6.5657053057356605e-18
60ZN, 9544.01, 59CU, 0.0, 6.5657053057356605e-18
60ZN, 9564.01, 59CU, 0.0, 6.283646366587112e-18
60ZN, 9570.01, 59CU, 0.0, 6.283646366587112e-18
60ZN, 9592.01, 59CU, 0.0, 6.283646366587112e-18
60ZN, 9605.01, 59CU, 0.0, 6.283646366587112e-18
60ZN, 9640.01, 59CU, 0.0, 6.01601276757152e-18
60ZN, 9659.01, 59CU, 0.0, 6.01601276757152e-18
60ZN, 9670.01, 59CU, 0.0, 5.76115498380744e-18
60ZN, 9712.01, 59CU, 0.0, 5.520522996729011e-18
60ZN, 9737.01, 59CU, 0.0, 5.520522996729011e-18
60ZN, 9752.01, 59CU, 0.0, 5.520522996729011e-18
60ZN, 9765.01, 59CU, 0.0, 5.288117272435124e-18
60ZN, 9821.01, 59CU, 0.0, 5.068237136367136e-18
60ZN, 9839.01, 59CU, 0.0, 5.068237136367136e-18
60ZN, 9850.009999999998, 59CU, 0.0, 5.068237136367136e-18
60ZN, 9869.01, 59CU, 0.0, 4.856577561425514e-18
60ZN, 9880.01, 59CU, 0.0, 4.856577561425514e-18
60ZN, 9893.01, 59CU, 0.0, 4.856577561425514e-18
60ZN, 9922.01, 59CU, 0.0, 4.6526610369689676e-18
60ZN, 9945.01, 59CU, 0.0, 4.6526610369689676e-18
60ZN, 9957.01, 59CU, 0.0, 4.6526610369689676e-18
60ZN, 9961.01, 59CU, 0.0, 4.459430602303522e-18
60ZN, 9989.01, 59CU, 0.0, 4.459430602303522e-18
60ZN, 10021.01, 59CU, 0.0, 4.272716370658877e-18
ALPHA
60ZN, 3120.0200000000004, 56NI, 0.0, 2.8993566950048453e+30
60ZN, 3121.02, 56NI, 0.0, 2.8993566950048453e+30
60ZN, 3739.02, 56NI, 0.0, 16477543.606368594
60ZN, 3740.0200000000004, 56NI, 0.0, 16477543.606368594
60ZN, 4080.02, 56NI, 0.0, 32.32391872022786
60ZN, 4081.0200000000004, 56NI, 0.0, 32.32391872022786
60ZN, 4143.0199999999995, 56NI, 0.0, 7.546052288308531
60ZN, 4144.02, 56NI, 0.0, 7.546052288308531
60ZN, 4448.02, 56NI, 0.0, 0.005193403478775445
60ZN, 4449.0199999999995, 56NI, 0.0, 0.005193403478775445
60ZN, 4644.02, 56NI, 0.0, 0.0001146670772621163
60ZN, 4645.0199999999995, 56NI, 0.0, 0.0001146670772621163
60ZN, 4852.02, 56NI, 0.0, 4.5999857215738345e-06
60ZN, 4853.0199999999995, 56NI, 0.0, 4.5999857215738345e-06
60ZN, 5175.0199999999995, 56NI, 0.0, 4.7783082170598906e-08
60ZN, 5176.02, 56NI, 0.0, 4.7783082170598906e-08
60ZN, 5438.0199999999995, 56NI, 0.0, 3.3905731051357336e-09
60ZN, 5439.02, 56NI, 0.0, 3.3905731051357336e-09
60ZN, 5442.02, 56NI, 0.0, 3.3905731051357336e-09
60ZN, 5443.0199999999995, 56NI, 0.0, 3.3905731051357336e-09
60ZN, 5588.02, 56NI, 0.0, 8.392135313392492e-10
60ZN, 5589.02, 56NI, 0.0, 8.392135313392492e-10
60ZN, 5605.02, 56NI, 0.0, 8.392135313392492e-10
60ZN, 5606.02, 56NI, 0.0, 8.392135313392492e-10
60ZN, 5791.02, 56NI, 0.0, 1.57012465566184e-10
60ZN, 5792.0199999999995, 56NI, 0.0, 1.57012465566184e-10
60ZN, 5886.03, 56NI, 0.0, 1.1034752584284733e+28
60ZN, 5919.03, 56NI, 0.0, 1.0917431695140154e+25
60ZN, 5930.0199999999995, 56NI, 0.0, 5.0399077863705973e-11
60ZN, 5931.02, 56NI, 0.0, 5.0399077863705973e-11
60ZN, 5993.01, 56NI, 0.0, 2.2611197420130535e+22
60ZN, 6014.02, 56NI, 0.0, 2.4858824567565523e-11
60ZN, 6015.0199999999995, 56NI, 0.0, 2.4858824567565523e-11
60ZN, 6049.03, 56NI, 0.0, 1.3325207646368126e+20
60ZN, 6055.0199999999995, 56NI, 0.0, 2.4858824567565523e-11
60ZN, 6056.02, 56NI, 0.0, 2.4858824567565523e-11
60ZN, 6058.03, 56NI, 0.0, 1.3325207646368126e+20
60ZN, 6074.0199999999995, 56NI, 0.0, 1.7707197807489507e-11
60ZN, 6075.02, 56NI, 0.0, 1.7707197807489507e-11
60ZN, 6135.009999999999, 56NI, 0.0, 1.5238857150464194e+16
60ZN, 6143.03, 56NI, 0.0, 1.7885708456291948e+16
60ZN, 6195.02, 56NI, 0.0, 9.22524431877111e-12
60ZN, 6196.0199999999995, 56NI, 0.0, 9.22524431877111e-12
60ZN, 6248.02, 56NI, 0.0, 6.743353142640535e-12
60ZN, 6249.0199999999995, 56NI, 0.0, 6.743353142640535e-12
60ZN, 6251.01, 56NI, 0.0, 10851555607029.807
60ZN, 6289.03, 56NI, 0.0, 547278587261.9938
60ZN, 6334.03, 56NI, 0.0, 30553402817.62057
60ZN, 6343.02, 56NI, 0.0, 3.689735730141824e-12
60ZN, 6344.02, 56NI, 0.0, 3.689735730141824e-12
60ZN, 6344.03, 56NI, 0.0, 30553402817.62057
60ZN, 6360.02, 56NI, 0.0, 2.7603772568672676e-12
60ZN, 6361.0199999999995, 56NI, 0.0, 2.7603772568672676e-12
60ZN, 6364.009999999999, 56NI, 0.0, 1828061869.9661167
60ZN, 6381.03, 56NI, 0.0, 2142826307.5821207
60ZN, 6415.02, 56NI, 0.0, 2.0800529544305396e-12
60ZN, 6416.02, 56NI, 0.0, 2.0800529544305396e-12
60ZN, 6442.02, 56NI, 0.0, 2.0800529544305396e-12
60ZN, 6443.0199999999995, 56NI, 0.0, 2.0800529544305396e-12
60ZN, 6453.01, 56NI, 0.0, 156702208.57537377
60ZN, 6535.01, 56NI, 0.0, 1922348.0049649533
60ZN, 6552.0199999999995, 56NI, 0.0, 1.205803500650338e-12
60ZN, 6553.02, 56NI, 0.0, 1.205803500650338e-12
60ZN, 6564.02, 56NI, 0.0, 9.271766236565197e-13
60ZN, 6565.02, 56NI, 0.0, 9.271766236565197e-13
60ZN, 6568.03, 56NI, 0.0, 310785.1914160253
60ZN, 6589.03, 56NI, 0.0, 310785.1914160253
60ZN, 6589.02, 56NI, 0.0, 9.271766236565197e-13
60ZN, 6590.02, 56NI, 0.0, 9.271766236565197e-13
60ZN, 6646.009999999999, 56NI, 0.0, 41553.78515782828
60ZN, 6682.02, 56NI, 0.0, 5.585641182111337e-13
60ZN, 6683.0199999999995, 56NI, 0.0, 5.585641182111337e-13
60ZN, 6683.03, 56NI, 0.0, 8548.651318250299
60ZN, 6709.0199999999995, 56NI, 0.0, 5.585641182111337e-13
60ZN, 6710.02, 56NI, 0.0, 4.3743733428590413e-13
60ZN, 6719.01, 56NI, 0.0, 1421.5626903805448
60ZN, 6733.0199999999995, 56NI, 0.0, 4.3743733428590413e-13
60ZN, 6734.02, 56NI, 0.0, 4.3743733428590413e-13
60ZN, 6758.02, 56NI, 0.0, 4.3743733428590413e-13
60ZN, 6759.02, 56NI, 0.0, 4.3743733428590413e-13
60ZN, 6794.03, 56NI, 0.0, 344.3251500836995
60ZN, 6796.03, 56NI, 0.0, 344.3251500836995
60ZN, 6856.03, 56NI, 0.0, 80.2423510142878
60ZN, 6864.009999999999, 56NI, 0.0, 17.23519133019115
60ZN, 6890.0199999999995, 56NI, 0.0, 2.0935494812340966e-13
60ZN, 6891.02, 56NI, 0.0, 2.0935494812340966e-13
60ZN, 6915.02, 56NI, 0.0, 1.6684290813921063e-13
60ZN, 6916.02, 56NI, 0.0, 1.6684290813921063e-13
60ZN, 6928.03, 56NI, 0.0, 5.473240952103775
60ZN, 6956.01, 56NI, 0.0, 4.648061273215168
60ZN, 6976.02, 56NI, 0.0, 1.3363353099177748e-13
60ZN, 6977.02, 56NI, 0.0, 1.3363353099177748e-13
60ZN, 6992.009999999999, 56NI, 0.0, 1.339680772001954
60ZN, 7001.03, 56NI, 0.0, 1.5823163539112457
60ZN, 7036.03, 56NI, 0.0, 0.486339557337077
60ZN, 7080.03, 56NI, 0.0, 0.15812899865465466
60ZN, 7106.02, 56NI, 0.0, 8.693398273767069e-14
60ZN, 7107.02, 56NI, 0.0, 8.693398273767069e-14
60ZN, 7124.03, 56NI, 0.0, 0.054182742583141257
60ZN, 7127.0199999999995, 56NI, 0.0, 7.059178877544454e-14
60ZN, 7128.02, 56NI, 0.0, 7.059178877544454e-14
60ZN, 7155.03, 56NI, 0.0, 0.054182742583141257
60ZN, 7176.02, 56NI, 0.0, 5.757627334674597e-14
60ZN, 7177.0199999999995, 56NI, 0.0, 5.757627334674597e-14
60ZN, 7183.009999999999, 56NI, 0.0, 0.016312968274306675
60ZN, 7190.03, 56NI, 0.0, 0.01949679967120853
60ZN, 7202.02, 56NI, 0.0, 5.757627334674597e-14
60ZN, 7203.02, 56NI, 0.0, 5.757627334674597e-14
60ZN, 7210.009999999999, 56NI, 0.0, 0.00612233240535764
60ZN, 7212.03, 56NI, 0.0, 0.007337107980158288
60ZN, 7232.03, 56NI, 0.0, 0.007337107980158288
60ZN, 7241.0199999999995, 56NI, 0.0, 4.7143099620398225e-14
60ZN, 7242.02, 56NI, 0.0, 4.7143099620398225e-14
60ZN, 7242.03, 56NI, 0.0, 0.007337107980158288
60ZN, 7268.03, 56NI, 0.0, 0.0028810818388339313
60ZN, 7296.03, 56NI, 0.0, 0.0028810818388339313
60ZN, 7321.0199999999995, 56NI, 0.0, 3.2006416576708e-14
60ZN, 7322.02, 56NI, 0.0, 3.2006416576708e-14
60ZN, 7346.009999999999, 56NI, 0.0, 0.0009765321378870376
60ZN, 7358.0199999999995, 56NI, 0.0, 3.2006416576708e-14
60ZN, 7359.02, 56NI, 0.0, 3.2006416576708e-14
60ZN, 7385.0199999999995, 56NI, 0.0, 2.652048659897659e-14
60ZN, 7386.02, 56NI, 0.0, 2.652048659897659e-14
60ZN, 7411.0199999999995, 56NI, 0.0, 2.2060998689502612e-14
60ZN, 7412.02, 56NI, 0.0, 2.2060998689502612e-14
60ZN, 7416.03, 56NI, 0.0, 0.00021882046439494678
60ZN, 7445.01, 56NI, 0.0, 0.0001805447395287599
60ZN, 7461.03, 56NI, 0.0, 9.91910480876458e-05
60ZN, 7468.009999999999, 56NI, 0.0, 8.161642180118293e-05
60ZN, 7494.0199999999995, 56NI, 0.0, 1.841976708177086e-14
60ZN, 7495.02, 56NI, 0.0, 1.841976708177086e-14
60ZN, 7509.03, 56NI, 0.0, 9.91910480876458e-05
60ZN, 7512.0199999999995, 56NI, 0.0, 1.5431062170906105e-14
60ZN, 7513.02, 56NI, 0.0, 1.5431062170906105e-14
60ZN, 7534.03, 56NI, 0.0, 4.634316390199253e-05
60ZN, 7540.03, 56NI, 0.0, 4.634316390199253e-05
60ZN, 7581.03, 56NI, 0.0, 2.2286583493600598e-05
60ZN, 7584.009999999999, 56NI, 0.0, 1.823958646881148e-05
60ZN, 7590.02, 56NI, 0.0, 1.2973783989040878e-14
60ZN, 7591.02, 56NI, 0.0, 1.2973783989040878e-14
60ZN, 7606.03, 56NI, 0.0, 2.2286583493600598e-05
60ZN, 7636.02, 56NI, 0.0, 1.094611782245726e-14
60ZN, 7637.0199999999995, 56NI, 0.0, 1.094611782245726e-14
60ZN, 7649.02, 56NI, 0.0, 1.094611782245726e-14
60ZN, 7650.02, 56NI, 0.0, 1.094611782245726e-14
60ZN, 7658.01, 56NI, 0.0, 8.989756028572208e-06
60ZN, 7661.03, 56NI, 0.0, 5.5827986166242576e-06
60ZN, 7696.009999999999, 56NI, 0.0, 4.544721099910239e-06
60ZN, 7715.02, 56NI, 0.0, 7.866009666818039e-15
60ZN, 7716.02, 56NI, 0.0, 7.866009666818039e-15
60ZN, 7723.03, 56NI, 0.0, 2.89948441434298e-06
60ZN, 7742.02, 56NI, 0.0, 7.866009666818039e-15
60ZN, 7743.02, 56NI, 0.0, 7.866009666818039e-15
60ZN, 7777.03, 56NI, 0.0, 1.5407943933612678e-06
60ZN, 7788.03, 56NI, 0.0, 1.5407943933612678e-06
60ZN, 7803.009999999999, 56NI, 0.0, 1.2477242183382934e-06
60ZN, 7808.0199999999995, 56NI, 0.0, 6.701268116104335e-15
60ZN, 7809.02, 56NI, 0.0, 6.701268116104335e-15
60ZN, 7811.009999999999, 56NI, 0.0, 6.756990482692071e-07
60ZN, 7817.02, 56NI, 0.0, 5.725573737821851e-15
60ZN, 7818.0199999999995, 56NI, 0.0, 5.725573737821851e-15
60ZN, 7879.03, 56NI, 0.0, 4.6362749658378527e-07
60ZN, 7886.02, 56NI, 0.0, 4.9069029141195756e-15
60ZN, 7887.0199999999995, 56NI, 0.0, 4.9069029141195756e-15
60ZN, 7901.03, 56NI, 0.0, 4.6362749658378527e-07
60ZN, 7905.02, 56NI, 0.0, 4.9069029141195756e-15
60ZN, 7906.0199999999995, 56NI, 0.0, 4.9069029141195756e-15
60ZN, 7925.009999999999, 56NI, 0.0, 2.1060760787764372e-07
60ZN, 7938.03, 56NI, 0.0, 2.6205834968348126e-07
60ZN, 7948.02, 56NI, 0.0, 4.218225819661624e-15
60ZN, 7949.0199999999995, 56NI, 0.0, 4.218225819661624e-15
60ZN, 7959.009999999999, 56NI, 0.0, 2.1060760787764372e-07
60ZN, 7966.03, 56NI, 0.0, 1.5086224086637634e-07
60ZN, 7988.03, 56NI, 0.0, 1.5086224086637634e-07
60ZN, 8010.019999999999, 56NI, 0.0, 3.1433235764087866e-15
60ZN, 8011.019999999999, 56NI, 0.0, 3.1433235764087866e-15
60ZN, 8010.009999999999, 56NI, 0.0, 7.069186520244872e-08
60ZN, 8023.019999999999, 56NI, 0.0, 3.1433235764087866e-15
60ZN, 8024.019999999999, 56NI, 0.0, 3.1433235764087866e-15
60ZN, 8029.030000000001, 56NI, 0.0, 8.839806028740263e-08
60ZN, 8058.019999999999, 56NI, 0.0, 3.1433235764087866e-15
60ZN, 8059.019999999999, 56NI, 0.0, 3.1433235764087866e-15
60ZN, 8078.019999999999, 56NI, 0.0, 2.7254024963769615e-15
60ZN, 8079.0199999999995, 56NI, 0.0, 2.7254024963769615e-15
60ZN, 8081.009999999999, 56NI, 0.0, 4.202604756097561e-08
60ZN, 8083.0199999999995, 56NI, 0.0, 2.7254024963769615e-15
60ZN, 8084.019999999999, 56NI, 0.0, 2.7254024963769615e-15
60ZN, 8088.03, 56NI, 0.0, 5.268224402913398e-08
60ZN, 8103.030000000001, 56NI, 0.0, 5.268224402913398e-08
60ZN, 8120.019999999999, 56NI, 0.0, 2.368776611005146e-15
60ZN, 8121.0199999999995, 56NI, 0.0, 2.368776611005146e-15
60ZN, 8121.030000000001, 56NI, 0.0, 3.1893204617695506e-08
60ZN, 8127.01, 56NI, 0.0, 2.538125002506459e-08
60ZN, 8163.01, 56NI, 0.0, 1.556608624571361e-08
60ZN, 8164.030000000001, 56NI, 0.0, 1.9605979890980577e-08
60ZN, 8170.0199999999995, 56NI, 0.0, 2.064590059596625e-15
60ZN, 8171.019999999999, 56NI, 0.0, 2.064590059596625e-15
60ZN, 8173.009999999999, 56NI, 0.0, 1.556608624571361e-08
60ZN, 8182.030000000001, 56NI, 0.0, 1.9605979890980577e-08
60ZN, 8182.01, 56NI, 0.0, 1.556608624571361e-08
60ZN, 8189.0199999999995, 56NI, 0.0, 2.064590059596625e-15
60ZN, 8190.019999999999, 56NI, 0.0, 2.064590059596625e-15
60ZN, 8201.03, 56NI, 0.0, 1.9605979890980577e-08
60ZN, 8212.03, 56NI, 0.0, 1.2231240140112237e-08
60ZN, 8226.02, 56NI, 0.0, 1.804309092379386e-15
60ZN, 8227.02, 56NI, 0.0, 1.804309092379386e-15
60ZN, 8247.03, 56NI, 0.0, 1.2231240140112237e-08
60ZN, 8255.02, 56NI, 0.0, 1.804309092379386e-15
60ZN, 8256.019999999999, 56NI, 0.0, 1.804309092379386e-15
60ZN, 8264.019999999999, 56NI, 0.0, 1.5807203575888568e-15
60ZN, 8265.02, 56NI, 0.0, 1.5807203575888568e-15
60ZN, 8266.03, 56NI, 0.0, 7.735752311163867e-09
60ZN, 8294.03, 56NI, 0.0, 7.735752311163867e-09
60ZN, 8298.019999999999, 56NI, 0.0, 1.5807203575888568e-15
60ZN, 8299.019999999999, 56NI, 0.0, 1.5807203575888568e-15
60ZN, 8306.03, 56NI, 0.0, 7.735752311163867e-09
60ZN, 8315.019999999999, 56NI, 0.0, 1.3883399217464669e-15
60ZN, 8316.02, 56NI, 0.0, 1.3883399217464669e-15
60ZN, 8318.03, 56NI, 0.0, 4.958282161205273e-09
60ZN, 8325.019999999999, 56NI, 0.0, 1.3883399217464669e-15
60ZN, 8326.02, 56NI, 0.0, 1.3883399217464669e-15
60ZN, 8328.03, 56NI, 0.0, 4.958282161205273e-09
60ZN, 8350.009999999998, 56NI, 0.0, 3.909086333887635e-09
60ZN, 8363.009999999998, 56NI, 0.0, 2.531973984074473e-09
60ZN, 8374.01, 56NI, 0.0, 2.531973984074473e-09
60ZN, 8381.019999999999, 56NI, 0.0, 1.2225106459761149e-15
60ZN, 8382.019999999999, 56NI, 0.0, 1.2225106459761149e-15
60ZN, 8392.03, 56NI, 0.0, 3.2189551882824725e-09
60ZN, 8394.01, 56NI, 0.0, 2.531973984074473e-09
60ZN, 8401.019999999999, 56NI, 0.0, 1.2225106459761149e-15
60ZN, 8402.019999999999, 56NI, 0.0, 1.2225106459761149e-15
60ZN, 8402.03, 56NI, 0.0, 3.2189551882824725e-09
60ZN, 8425.02, 56NI, 0.0, 1.0788060854244178e-15
60ZN, 8426.019999999999, 56NI, 0.0, 1.0788060854244178e-15
60ZN, 8437.03, 56NI, 0.0, 2.1149410606644815e-09
60ZN, 8445.03, 56NI, 0.0, 2.1149410606644815e-09
60ZN, 8475.03, 56NI, 0.0, 1.4059851690697426e-09
60ZN, 8482.019999999999, 56NI, 0.0, 9.543591423683105e-16
60ZN, 8483.02, 56NI, 0.0, 9.543591423683105e-16
60ZN, 8487.019999999999, 56NI, 0.0, 9.543591423683105e-16
60ZN, 8488.019999999999, 56NI, 0.0, 9.543591423683105e-16
60ZN, 8489.03, 56NI, 0.0, 1.4059851690697426e-09
60ZN, 8508.009999999998, 56NI, 0.0, 1.1010387194928155e-09
60ZN, 8512.03, 56NI, 0.0, 9.453265308496581e-10
60ZN, 8532.03, 56NI, 0.0, 9.453265308496581e-10
60ZN, 8537.02, 56NI, 0.0, 8.463245045195633e-16
60ZN, 8538.019999999999, 56NI, 0.0, 8.463245045195633e-16
60ZN, 8547.03, 56NI, 0.0, 9.453265308496581e-10
60ZN, 8556.03, 56NI, 0.0, 9.453265308496581e-10
60ZN, 8559.019999999999, 56NI, 0.0, 8.463245045195633e-16
60ZN, 8560.02, 56NI, 0.0, 7.520445561738058e-16
60ZN, 8567.01, 56NI, 0.0, 5.008080019021532e-10
60ZN, 8568.009999999998, 56NI, 0.0, 5.008080019021532e-10
60ZN, 8579.02, 56NI, 0.0, 7.520445561738058e-16
60ZN, 8580.019999999999, 56NI, 0.0, 7.520445561738058e-16
60ZN, 8580.01, 56NI, 0.0, 5.008080019021532e-10
60ZN, 8591.019999999999, 56NI, 0.0, 7.520445561738058e-16
60ZN, 8592.02, 56NI, 0.0, 7.520445561738058e-16
60ZN, 8592.03, 56NI, 0.0, 6.422833303083528e-10
60ZN, 8594.03, 56NI, 0.0, 6.422833303083528e-10
60ZN, 8595.01, 56NI, 0.0, 5.008080019021532e-10
60ZN, 8607.03, 56NI, 0.0, 6.422833303083528e-10
60ZN, 8624.02, 56NI, 0.0, 6.697381504695814e-16
60ZN, 8625.019999999999, 56NI, 0.0, 6.697381504695814e-16
60ZN, 8635.019999999999, 56NI, 0.0, 6.697381504695814e-16
60ZN, 8636.019999999999, 56NI, 0.0, 6.697381504695814e-16
60ZN, 8644.019999999999, 56NI, 0.0, 6.697381504695814e-16
60ZN, 8645.019999999999, 56NI, 0.0, 6.697381504695814e-16
60ZN, 8646.02, 56NI, 0.0, 6.697381504695814e-16
60ZN, 8647.019999999999, 56NI, 0.0, 6.697381504695814e-16
60ZN, 8652.03, 56NI, 0.0, 4.409244084271168e-10
60ZN, 8658.009999999998, 56NI, 0.0, 3.4306888194516837e-10
60ZN, 8676.03, 56NI, 0.0, 3.057753214252532e-10
60ZN, 8679.03, 56NI, 0.0, 3.057753214252532e-10
60ZN, 8681.019999999999, 56NI, 0.0, 5.978310235240691e-16
60ZN, 8682.02, 56NI, 0.0, 5.978310235240691e-16
60ZN, 8695.02, 56NI, 0.0, 5.978310235240691e-16
60ZN, 8696.019999999999, 56NI, 0.0, 5.978310235240691e-16
60ZN, 8697.009999999998, 56NI, 0.0, 2.3740737850315596e-10
60ZN, 8699.03, 56NI, 0.0, 3.057753214252532e-10
60ZN, 8711.02, 56NI, 0.0, 5.346535268459101e-16
60ZN, 8712.019999999999, 56NI, 0.0, 5.346535268459101e-16
60ZN, 8717.02, 56NI, 0.0, 5.346535268459101e-16
60ZN, 8718.019999999999, 56NI, 0.0, 5.346535268459101e-16
60ZN, 8728.019999999999, 56NI, 0.0, 5.346535268459101e-16
60ZN, 8729.019999999999, 56NI, 0.0, 5.346535268459101e-16
60ZN, 8731.03, 56NI, 0.0, 2.1401091068409415e-10
60ZN, 8732.009999999998, 56NI, 0.0, 1.658215238827027e-10
60ZN, 8738.03, 56NI, 0.0, 2.1401091068409415e-10
60ZN, 8753.03, 56NI, 0.0, 2.1401091068409415e-10
60ZN, 8758.019999999999, 56NI, 0.0, 5.346535268459101e-16
60ZN, 8759.02, 56NI, 0.0, 5.346535268459101e-16
60ZN, 8761.009999999998, 56NI, 0.0, 1.169094610930534e-10
60ZN, 8762.03, 56NI, 0.0, 1.5118797245957365e-10
60ZN, 8785.019999999999, 56NI, 0.0, 4.792223930833636e-16
60ZN, 8786.019999999999, 56NI, 0.0, 4.792223930833636e-16
60ZN, 8797.03, 56NI, 0.0, 1.5118797245957365e-10
60ZN, 8800.02, 56NI, 0.0, 4.792223930833636e-16
60ZN, 8801.019999999999, 56NI, 0.0, 4.792223930833636e-16
60ZN, 8818.03, 56NI, 0.0, 1.0776403623176541e-10
60ZN, 8825.03, 56NI, 0.0, 1.0776403623176541e-10
60ZN, 8837.019999999999, 56NI, 0.0, 4.3042895428982473e-16
60ZN, 8838.019999999999, 56NI, 0.0, 4.3042895428982473e-16
60ZN, 8854.03, 56NI, 0.0, 1.0776403623176541e-10
60ZN, 8855.01, 56NI, 0.0, 8.316217174154747e-11
60ZN, 8862.019999999999, 56NI, 0.0, 3.872518426192857e-16
60ZN, 8863.019999999999, 56NI, 0.0, 3.872518426192857e-16
60ZN, 8869.019999999999, 56NI, 0.0, 3.872518426192857e-16
60ZN, 8870.019999999999, 56NI, 0.0, 3.872518426192857e-16
60ZN, 8882.009999999998, 56NI, 0.0, 5.964225778361725e-11
60ZN, 8889.03, 56NI, 0.0, 7.743852289465634e-11
60ZN, 8895.019999999999, 56NI, 0.0, 3.872518426192857e-16
60ZN, 8896.02, 56NI, 0.0, 3.872518426192857e-16
60ZN, 8899.03, 56NI, 0.0, 7.743852289465634e-11
60ZN, 8906.01, 56NI, 0.0, 5.964225778361725e-11
60ZN, 8908.009999999998, 56NI, 0.0, 5.964225778361725e-11
60ZN, 8913.03, 56NI, 0.0, 5.611833548469605e-11
60ZN, 8921.019999999999, 56NI, 0.0, 3.491470172395502e-16
60ZN, 8922.02, 56NI, 0.0, 3.491470172395502e-16
60ZN, 8946.019999999999, 56NI, 0.0, 3.491470172395502e-16
60ZN, 8947.019999999999, 56NI, 0.0, 3.491470172395502e-16
60ZN, 8949.03, 56NI, 0.0, 5.611833548469605e-11
60ZN, 8952.019999999999, 56NI, 0.0, 3.491470172395502e-16
60ZN, 8953.019999999999, 56NI, 0.0, 3.491470172395502e-16
60ZN, 8965.03, 56NI, 0.0, 4.0989659789513013e-11
60ZN, 8985.03, 56NI, 0.0, 4.0989659789513013e-11
60ZN, 8992.02, 56NI, 0.0, 3.1541688561433773e-16
60ZN, 8993.02, 56NI, 0.0, 3.1541688561433773e-16
60ZN, 8995.009999999998, 56NI, 0.0, 3.144975664866931e-11
60ZN, 9009.01, 56NI, 0.0, 3.144975664866931e-11
60ZN, 9011.019999999999, 56NI, 0.0, 2.85422122587919e-16
60ZN, 9012.02, 56NI, 0.0, 2.85422122587919e-16
60ZN, 9018.01, 56NI, 0.0, 2.3100019544465502e-11
60ZN, 9027.03, 56NI, 0.0, 3.01641518216397e-11
60ZN, 9027.009999999998, 56NI, 0.0, 2.3100019544465502e-11
60ZN, 9049.009999999998, 56NI, 0.0, 2.3100019544465502e-11
60ZN, 9071.01, 56NI, 0.0, 1.7091974990911452e-11
60ZN, 9120.009999999998, 56NI, 0.0, 1.2739997230233233e-11
60ZN, 9132.009999999998, 56NI, 0.0, 1.2739997230233233e-11
60ZN, 9172.01, 56NI, 0.0, 9.55814296148931e-12
60ZN, 9217.01, 56NI, 0.0, 7.2204824197281664e-12
60ZN, 9252.01, 56NI, 0.0, 7.2204824197281664e-12
60ZN, 9259.01, 56NI, 0.0, 7.2204824197281664e-12
60ZN, 9273.009999999998, 56NI, 0.0, 5.4896743694745624e-12
60ZN, 9295.01, 56NI, 0.0, 5.4896743694745624e-12
60ZN, 9342.01, 56NI, 0.0, 4.198583637813357e-12
60ZN, 9364.01, 56NI, 0.0, 3.231439721635819e-12
60ZN, 9367.01, 56NI, 0.0, 3.231439721635819e-12
60ZN, 9397.01, 56NI, 0.0, 3.231439721635819e-12
60ZN, 9424.009999999998, 56NI, 0.0, 2.5012804746342386e-12
60ZN, 9463.009999999998, 56NI, 0.0, 1.9470270274507483e-12
60ZN, 9483.01, 56NI, 0.0, 1.9470270274507483e-12
60ZN, 9525.01, 56NI, 0.0, 1.5239562800120394e-12
60ZN, 9544.01, 56NI, 0.0, 1.5239562800120394e-12
60ZN, 9564.01, 56NI, 0.0, 1.1989288832422586e-12
60ZN, 9570.01, 56NI, 0.0, 1.1989288832422586e-12
60ZN, 9592.01, 56NI, 0.0, 1.1989288832422586e-12
60ZN, 9605.01, 56NI, 0.0, 1.1989288832422586e-12
60ZN, 9640.01, 56NI, 0.0, 9.480633714549093e-13
60ZN, 9659.01, 56NI, 0.0, 9.480633714549093e-13
60ZN, 9670.01, 56NI, 0.0, 7.533528938663859e-13
60ZN, 9712.01, 56NI, 0.0, 6.017662798500639e-13
60ZN, 9737.01, 56NI, 0.0, 6.017662798500639e-13
60ZN, 9752.01, 56NI, 0.0, 6.017662798500639e-13
60ZN, 9765.01, 56NI, 0.0, 4.826308526910104e-13
60ZN, 9821.01, 56NI, 0.0, 3.890141589243499e-13
60ZN, 9839.01, 56NI, 0.0, 3.890141589243499e-13
60ZN, 9850.009999999998, 56NI, 0.0, 3.890141589243499e-13
60ZN, 9869.01, 56NI, 0.0, 3.14828505715789e-13
60ZN, 9880.01, 56NI, 0.0, 3.14828505715789e-13
60ZN, 9893.01, 56NI, 0.0, 3.14828505715789e-13
60ZN, 9922.01, 56NI, 0.0, 2.5585476051465444e-13
60ZN, 9945.01, 56NI, 0.0, 2.5585476051465444e-13
60ZN, 9957.01, 56NI, 0.0, 2.5585476051465444e-13
60ZN, 9961.01, 56NI, 0.0, 2.0883684145567613e-13
60ZN, 9989.01, 56NI, 0.0, 2.0883684145567613e-13
60ZN, 10021.01, 56NI, 0.0, 1.7112860590697554e-13
