name,z,gsmass
Neutron,0,939565.42052
1H,1,938272.08816
2H,1,1875612.94248
3H,1,2808921.133
4H,1,3750086.5533200004
5H,1,4689851.97424
6H,1,5630329.353759999
7H,1,6569084.61128
3He,2,2808391.5555200004
4He,2,3727379.35496
5He,2,4667679.7753800005
6He,2,5605534.739
7He,2,6545509.87432
8He,2,7482540.531440001
9He,2,8423360.77796
10He,2,9363116.200480001
3Li,3,2821617.2644800004
4Li,3,3749766.6438000007
5Li,3,4667616.443020001
6Li,3,5601518.5388400005
7Li,3,6533832.865860001
8Li,3,7471365.667880001
9Li,3,8406868.8711
10Li,3,9346460.69612
11Li,3,10285630.42994
12Li,3,11225405.85036
13Li,3,12164871.27058
5Be,4,4692563.77316
6Be,4,5605295.70688
7Be,4,6534183.7733
8Be,4,7454850.54992
9Be,4,8392751.43154
10Be,4,9325504.56976
11Be,4,10264568.35408
12Be,4,11200963.0492
13Be,4,12141038.47062
14Be,4,13078827.99564
15Be,4,14020193.41636
16Be,4,14959308.837280001
6B,5,5633727.86132
7B,5,6545580.34334
8B,5,7472319.461560001
9B,5,8393308.481180001
10B,5,9324436.7084
11B,5,10252547.908620002
12B,5,11188743.700040001
13B,5,12123430.352760002
14B,5,13062026.194079999
15B,5,13998813.989
16B,5,14938462.41052
17B,5,15876561.13614
18B,5,16816131.55676
19B,5,17755603.27068
20B,5,18696728.6906
21B,5,19637204.11262
8C,6,7483951.176400001
9C,6,8409291.980820002
10C,6,9327573.78504
11C,6,10254018.61226
12C,6,11174863.316880003
13C,6,12109482.429100001
14C,6,13040871.415920002
15C,6,13979218.76964
16C,6,14914533.86056
17C,6,15853365.709280001
18C,6,16788747.1974
19C,6,17727735.78972
20C,6,18664319.704239998
21C,6,19603959.83676
22C,6,20543415.54568
23C,6,21485473.6778
10N,7,9350164.15468
11N,7,10267223.8739
12N,7,11191690.39972
13N,7,12111191.916040001
14N,7,13040203.95356
15N,7,13968936.07678
16N,7,14906012.6482
17N,7,15839692.922519999
18N,7,16776430.11424
19N,7,17710667.30456
20N,7,18648071.64988
21N,7,19583031.1705
22N,7,20521058.16152
23N,7,21457507.887140002
24N,7,22399228.76596
25N,7,23339757.18648
11O,8,10290086.15764
12O,8,11205854.68136
13O,8,12128450.88108
14O,8,13044837.3322
15O,8,13971179.27642
16O,8,14895080.75424
17O,8,15830503.09526
18O,8,16762023.14468
19O,8,17697632.9222
20O,8,18629590.33752
21O,8,19565350.30334
22O,8,20498065.40416
23O,8,21434897.84428
24O,8,22370270.9816
25O,8,23310593.70912
26O,8,24249419.82064
27O,8,25190924.69516
28O,8,26129821.11568
13F,9,12146849.475520002
14F,9,13068282.96864
15F,9,13984379.42106
16F,9,14909981.95308
17F,9,15832752.5748
18F,9,16763168.088720001
19F,9,17692301.633840002
20F,9,18625265.71716
21F,9,19556729.67828
22F,9,20491064.761400003
23F,9,21423050.75262
24F,9,22358804.106840003
25F,9,23294087.85926
26F,9,24232922.450080004
27F,9,25170875.375400003
28F,9,26110639.795720004
29F,9,27048880.293240003
30F,9,27989172.624360003
31F,9,28928547.044880003
15Ne,10,14007517.0567
16Ne,10,14922782.56152
17Ne,10,15846790.340540001
18Ne,10,16767101.607160002
19Ne,10,17695030.14738
20Ne,10,18617730.2628
21Ne,10,19550534.521720003
22Ne,10,20479735.68464
23Ne,10,21414100.458060004
24Ne,10,22344796.964080002
25Ne,10,23280207.204400003
26Ne,10,24214217.92392
27Ne,10,25152281.822740003
28Ne,10,26088024.754559997
29Ne,10,27026618.91978
30Ne,10,27962993.341
31Ne,10,28902388.91632
32Ne,10,29839688.13304
33Ne,10,30780337.55356
34Ne,10,31718532.97408
17Na,11,15864498.482780002
18Na,11,16786310.996600002
19Na,11,17705696.49232
20Na,11,18631111.69844
21Na,11,19553570.45486
22Na,11,20482068.022680003
23Na,11,21409213.663200002
24Na,11,22341819.719720002
25Na,11,23272373.90954
26Na,11,24206365.04376
27Na,11,25139202.137180004
28Na,11,26075225.715400003
29Na,11,27010388.12532
30Na,11,27947676.90464
31Na,11,28882942.36836
32Na,11,29820830.59268
33Na,11,30757464.656600002
34Na,11,31696858.75992
35Na,11,32634488.06224
36Na,11,33574076.48276
37Na,11,34512782.903280005
38Na,11,35453051.3238
39Na,11,36392640.744320005
19Mg,12,17724094.516760003
20Mg,12,18641227.918080002
21Mg,12,19566148.176900003
22Mg,12,20486338.444120005
23Mg,12,21412758.856940005
24Mg,12,22335793.05696
25Mg,12,23268027.954680003
26Mg,12,24196500.296600003
27Mg,12,25129622.348220006
28Mg,12,26060683.099440005
29Mg,12,26996584.787460003
30Mg,12,27929809.87728
31Mg,12,28867063.2012
32Mg,12,29800850.553120002
33Mg,12,30738136.42824
34Mg,12,31672990.98476
35Mg,12,32611801.546880003
36Mg,12,33548036.023199998
37Mg,12,34487361.445420004
38Mg,12,35424701.99144
39Mg,12,36364905.411960006
40Mg,12,37303176.83248
41Mg,12,38243237.253000006
21Al,13,19581823.51024
22Al,13,20504421.93076
23Al,13,21424469.61878
24Al,13,22349166.8374
25Al,13,23271793.77732
26Al,13,24199993.715040002
27Al,13,25126501.09426
28Al,13,26058341.34068
29Al,13,26988478.3981
30Al,13,27922316.14792
31Al,13,28854723.65744
32Al,13,29790069.099159997
33Al,13,30724165.188879997
34Al,13,31661159.056599997
35Al,13,32595427.04702
36Al,13,33533095.263639998
37Al,13,34468448.54656
38Al,13,35406612.65908
39Al,13,36343098.0796
40Al,13,37281923.50012
41Al,13,38219188.92064
42Al,13,39158116.34116
43Al,13,40095883.76168
22Si,14,20519364.5984
23Si,14,21441156.01892
24Si,14,22359449.84984
25Si,14,23284026.08746
26Si,14,24204551.86468
27Si,14,25130802.467
28Si,14,26053188.27552
29Si,14,26984280.095140003
30Si,14,27913236.315560002
31Si,14,28846214.343480002
32Si,14,29776579.795599997
33Si,14,30711637.257319998
34Si,14,31643654.00404
35Si,14,32580748.31116
36Si,14,33514197.769279998
37Si,14,34451556.4841
38Si,14,35385451.79812
39Si,14,36323436.55454
40Si,14,37258277.17976
41Si,14,38197313.58828
42Si,14,39132421.0088
43Si,14,40071413.42932
44Si,14,41007907.84984
45Si,14,41947157.27036
24P,15,22382210.107079998
25P,15,23299885.527599998
26P,15,24222152.948119998
27P,15,25142016.954839997
28P,15,26067022.23156
29P,15,26988711.34248
30P,15,27916957.438199997
31P,15,28844211.85202
32P,15,29775841.62164
33P,15,30705303.25086
34P,15,31638586.001879998
35P,15,32569770.996799998
36P,15,33505871.86212
37P,15,34438620.99814
38P,15,35374489.54816
39P,15,36307830.58098
40P,15,37243960.1274
41P,15,38178613.65262
42P,15,39116179.36404
43P,15,40051630.09696
44P,15,40989190.51748
45P,15,41925523.938
46P,15,42863889.35852
47P,15,43801351.77904
26S,16,24238357.61576
27S,16,25159653.03628
28S,16,26077732.305999998
29S,16,27002058.78192
30S,16,27922588.05484
31S,16,28849098.87806
32S,16,29773619.97568
33S,16,30704543.7562
34S,16,31632692.02752
35S,16,32565271.61194
36S,16,33494947.78096
37S,16,34430209.59838
38S,16,35361738.9118
39S,16,36296931.56032
40S,16,37228750.48304
41S,16,38164073.85576
42S,16,39096938.78908
43S,16,40033875.1778
44S,16,40968360.507520005
45S,16,41905735.60564
46S,16,42841206.02616
47S,16,43779237.44668
48S,16,44715950.8672
49S,16,45655412.28772
28Cl,17,26101409.12444
29Cl,17,27018669.54496
30Cl,17,27940810.87148
31Cl,17,28860595.8729
32Cl,17,29785789.82092
33Cl,17,30709615.28894
34Cl,17,31637672.64716
35Cl,17,32564593.30308
36Cl,17,33495578.9294
37Cl,17,34424833.48992
38Cl,17,35358291.02504
39Cl,17,36289783.02536
40Cl,17,37223519.53068
41Cl,17,38155264.2599
42Cl,17,39089233.78292
43Cl,17,40021400.14264
44Cl,17,40956574.785560004
45Cl,17,41890285.31378
46Cl,17,42826307.0116
47Cl,17,43761964.11432
48Cl,17,44698769.53484
49Cl,17,45635253.95536
50Cl,17,46573734.37588
51Cl,17,47511819.7964
52Cl,17,48451343.21692
29Ar,18,27042113.2126
30Ar,18,27957702.63312
31Ar,18,28878436.05364
32Ar,18,29796413.18936
33Ar,18,30720723.34998
34Ar,18,31643223.4536
35Ar,18,32570048.56222
36Ar,18,33494358.41064
37Ar,18,34425136.37456
38Ar,18,35352863.330680005
39Ar,18,36285830.0646
40Ar,18,37215526.46232
41Ar,18,38148992.953540005
42Ar,18,39079131.88716
43Ar,18,40013038.85728
44Ar,18,40943869.512
45Ar,18,41878266.073920004
46Ar,18,42809759.72044
47Ar,18,43745657.80696
48Ar,18,44680164.253680006
49Ar,18,45616957.623
50Ar,18,46552291.04352
51Ar,18,47490534.46404
52Ar,18,48427117.884560004
53Ar,18,49366806.305080004
54Ar,18,50304040.725600004
31K,19,28900857.72128
32K,19,29820080.1418
33K,19,30737149.56232
34K,19,31659870.98284
35K,19,32581411.971860003
36K,19,33506661.78508
37K,19,34430772.86839999
38K,19,35358266.411520004
39K,19,36284754.079239994
40K,19,37216519.877960004
41K,19,38145989.92937999
42K,19,39078021.54880001
43K,19,40007962.290319994
44K,19,40940250.28684001
45K,19,41870910.24705999
46K,19,42803606.06028
47K,19,43734802.1131
48K,19,44669723.71492001
49K,19,45603890.80094
50K,19,46539268.546160005
51K,19,47473975.046679996
52K,19,48410846.976600006
53K,19,49347182.98632
54K,19,50285845.393240005
55K,19,51222964.81376
56K,19,52161962.23428
57K,19,53099564.6548
58K,19,54038875.07532
59K,19,54977198.49584
33Ca,20,30760111.229960002
34Ca,20,31675475.650480002
35Ca,20,32597263.071000002
36Ca,20,33517116.815120004
37Ca,20,34441926.01414
38Ca,20,35364497.68336
39Ca,20,36290767.58018
40Ca,20,37214697.9896
41Ca,20,38145900.586619996
42Ca,20,39073985.30144
43Ca,20,40005617.827259995
44Ca,20,40934052.07208
45Ca,20,41866202.6747
46Ca,20,42795369.39592
47Ca,20,43727658.44164
48Ca,20,44657272.34096
49Ca,20,45591691.30828
50Ca,20,46524896.183800004
51Ca,20,47459647.21082
52Ca,20,48393207.35064001
53Ca,20,49329580.016959995
54Ca,20,50265301.239080004
55Ca,20,51203305.5514
56Ca,20,52139939.63952
57Ca,20,53078378.32244
58Ca,20,54014903.74296
59Ca,20,54953721.16348
60Ca,20,55890438.584
61Ca,20,56829941.00452
35Sc,21,32618649.738640003
36Sc,21,33539219.159160003
37Sc,21,34458335.57968
38Sc,21,35381788.0002
39Sc,21,36303366.578219995
40Sc,21,37228510.05324
41Sc,21,38151885.14786
42Sc,21,39079900.609680004
43Sc,21,40007327.5633
44Sc,21,40937193.781320006
45Sc,21,41865431.59884
46Sc,21,42796236.375360005
47Sc,21,43725155.28228
48Sc,21,44656482.139800005
49Sc,21,45585917.88142
50Sc,21,46519437.311440006
51Sc,21,47452218.180659994
52Sc,21,48386439.07348
53Sc,21,49319687.185499996
54Sc,21,50255512.90752
55Sc,21,51190602.83204
56Sc,21,52127423.19596001
57Sc,21,53063053.493879996
58Sc,21,54000447.6818
59Sc,21,54936591.80042
60Sc,21,55874385.25164
61Sc,21,56810896.67216
62Sc,21,57749240.09268
63Sc,21,58686472.5132
37Ti,22,34479205.247320004
38Ti,22,35396910.667840004
39Ti,22,36319524.088360004
40Ti,22,37239528.98088001
41Ti,22,38164318.9845
42Ti,22,39086406.26992001
43Ti,22,40013689.138239995
44Ti,22,40936950.24496
45Ti,22,41866982.66698
46Ti,22,42793358.766200006
47Ti,22,43724043.525019996
48Ti,22,44651982.28744
49Ti,22,45583405.33106
50Ti,22,46512031.57908001
51Ti,22,47445224.583399996
52Ti,22,48376973.95152
53Ti,22,49311064.31884
54Ti,22,50243696.044360004
55Ti,22,51179101.48868
56Ti,22,52113005.06520001
57Ti,22,53049520.31212
58Ti,22,53984498.59624
59Ti,22,54921044.49876
60Ti,22,55856304.77128
61Ti,22,56793499.3398
62Ti,22,57729222.76032
63Ti,22,58667035.18084
64Ti,22,59602869.60136
65Ti,22,60541109.02188
39V,23,36339095.756000005
40V,23,37260470.176520005
41V,23,38179810.59704
42V,23,39103393.017560005
43V,23,40024577.383379996
44V,23,40950179.7638
45V,23,41873595.50612
46V,23,42799900.153840005
47V,23,43726463.08456
48V,23,44655486.247880004
49V,23,45583496.1997
50V,23,46513729.22172001
51V,23,47442243.45704
52V,23,48374497.63476001
53V,23,49305583.09078
54V,23,50239030.601
55V,23,51171297.83382
56V,23,52105733.67124001
57V,23,53038976.11346
58V,23,53974474.69788001
59V,23,54908788.7658
60V,23,55844806.08092
61V,23,56779210.46374
62V,23,57715668.524960004
63V,23,58650635.65178
64V,23,59587560.269
65V,23,60523240.68952
66V,23,61460567.11004
67V,23,62396593.53056
41Cr,24,38199386.264680006
42Cr,24,39117555.685200006
43Cr,24,40040033.10572
44Cr,24,40960054.96024001
45Cr,24,41885456.15976
46Cr,24,42806993.49548001
47Cr,24,43733396.0729
48Cr,24,44656631.95392001
49Cr,24,45585615.02154
50Cr,24,46512180.10936001
51Cr,24,47442484.86258
52Cr,24,48370010.17120001
53Cr,24,49301636.16502
54Cr,24,50231482.50264001
55Cr,24,51164801.660960004
56Cr,24,52096120.96208001
57Cr,24,53030375.2044
58Cr,24,53962402.48892001
59Cr,24,54897772.46354
60Cr,24,55830473.998560004
61Cr,24,56766380.09768
62Cr,24,57699518.0954
63Cr,24,58635686.50872
64Cr,24,59569718.930240005
65Cr,24,60506542.35716
66Cr,24,61441189.77768
67Cr,24,62378550.1982
68Cr,24,63313640.61872
69Cr,24,64251183.03924
70Cr,24,65186659.45976
43Mn,25,40058820.77336
44Mn,25,40980437.19388
45Mn,25,41899495.6144
46Mn,25,42823536.33192
47Mn,25,43744881.80554
48Mn,25,44669645.64076
49Mn,25,45592816.46148
50Mn,25,46519303.602
51Mn,25,47445181.36732
52Mn,25,48374207.30564
53Mn,25,49301722.44916
54Mn,25,50232348.65188
55Mn,25,51161688.461100005
56Mn,25,52093983.435320005
57Mn,25,53024902.928440005
58Mn,25,53958055.74076
59Mn,25,54889852.08008
60Mn,25,55823903.5702
61Mn,25,56756623.485020004
62Mn,25,57691335.75083999
63Mn,25,58624466.75776
64Mn,25,59559858.884279996
65Mn,25,60493374.6818
66Mn,25,61429085.73772
67Mn,25,62363722.86584
68Mn,25,63299903.286359996
69Mn,25,64234985.70688
70Mn,25,65171366.127399996
71Mn,25,66106681.54792
72Mn,25,67043616.968439996
73Mn,25,67979607.38896
45Fe,26,41918362.28204
46Fe,26,42836644.70256
47Fe,26,43759818.12308
48Fe,26,44680422.7244
49Fe,26,45605174.67122
50Fe,26,46526943.04464
51Fe,26,47452724.42246
52Fe,26,48376075.61488
53Fe,26,49304954.3257
54Fe,26,50231141.29832
55Fe,26,51161408.591740005
56Fe,26,52089776.95496
57Fe,26,53021696.202980004
58Fe,26,53951217.0516
59Fe,26,54884201.467920005
60Fe,26,55814947.355840005
61Fe,26,56748934.125760004
62Fe,26,57680470.678679995
63Fe,26,58615207.2077
64Fe,26,59547367.38872
65Fe,26,60482613.13744
66Fe,26,61415257.295959994
67Fe,26,62351110.82818
68Fe,26,63284397.953999996
69Fe,26,64220582.374520004
70Fe,26,65154392.79504
71Fe,26,66090833.215560004
72Fe,26,67025043.63608
73Fe,26,67961816.0566
74Fe,26,68896590.47712
75Fe,26,69834079.89764
76Fe,26,70769677.31816
47Co,27,43777042.79072
48Co,27,44699660.21124
49Co,27,45619625.63176
50Co,27,46543319.11728
51Co,27,47465060.4729
52Co,27,48389552.742120005
53Co,27,49312731.450440004
54Co,27,50238874.85976
55Co,27,51164349.03288
56Co,27,52093832.613800004
57Co,27,53022021.57942
58Co,27,53953014.04624
59Co,27,54882125.60086
60Co,27,55814199.10548
61Co,27,56744445.467
62Co,27,57677413.34712
63Co,27,58608480.29544
64Co,27,59542033.51236
65Co,27,60474134.84808
66Co,27,61408405.6152
67Co,27,62340986.47372001
68Co,27,63276159.77484
69Co,27,64208911.01436
70Co,27,65144265.60268
71Co,27,66077914.74080001
72Co,27,67013454.30372
73Co,27,67947309.72424
74Co,27,68883235.14476
75Co,27,69817711.56528
76Co,27,70754095.9858
77Co,27,71689303.40632
78Co,27,72627416.82684
48Ni,28,44715598.87888
49Ni,28,45637442.2994
50Ni,28,46556957.71992
51Ni,28,47480253.14044
52Ni,28,48400825.88056
53Ni,28,49325249.01178
54Ni,28,50247095.6308
55Ni,28,51172532.085020006
56Ni,28,52095454.50144
57Ni,28,53024772.28876001
58Ni,28,53952121.48228
59Ni,28,54882687.6238
60Ni,28,55810865.31112
61Ni,28,56742610.63154
62Ni,28,57671580.325160004
63Ni,28,58604307.970180005
64Ni,28,59534215.9304
65Ni,28,60467683.27172001
66Ni,28,61398296.88064
67Ni,28,62332054.585260004
68Ni,28,63263827.553679995
69Ni,28,64198806.8236
70Ni,28,65131065.71132
71Ni,28,66066367.446440004
72Ni,28,66999041.72176
73Ni,28,67934653.73018001
74Ni,28,68867585.8124
75Ni,28,69803518.23292
76Ni,28,70737070.65344
77Ni,28,71673380.07396
78Ni,28,72607325.49448
79Ni,28,73545604.915
80Ni,28,74481980.33552
81Ni,28,75420585.75604
82Ni,28,76357481.17656
52Cu,29,48421003.2286
53Cu,29,49341237.64912
54Cu,29,50264596.06964
55Cu,29,51185721.65516
56Cu,29,52110221.431480005
57Cu,29,53033036.249000005
58Cu,29,53960171.51492
59Cu,29,54886975.012940004
60Cu,29,55816482.31076001
61Cu,29,56744337.61048
62Cu,29,57675028.23200001
63Cu,29,58603730.00912
64Cu,29,59535379.564440005
65Cu,29,60465034.40986001
66Cu,29,61397533.897879995
67Cu,29,62327966.7365
68Cu,29,63261213.348519996
69Cu,29,64192538.27384
70Cu,29,65126792.21296
71Cu,29,66058551.56418001
72Cu,29,66992973.7958
73Cu,29,67925263.45682001
74Cu,29,68859738.79584
75Cu,29,69792768.89306001
76Cu,29,70727751.58428
77Cu,29,71661364.48390001
78Cu,29,72596931.94112
79Cu,29,73530807.48064001
80Cu,29,74468047.00316
81Cu,29,75404307.42368001
82Cu,29,76342001.8442
83Cu,29,77278771.26472001
84Cu,29,78216928.68524
54Zn,30,50279664.73728
55Zn,30,51202578.157800004
56Zn,30,52122927.57832
57Zn,30,53047261.998840004
58Zn,30,53969029.510759994
59Zn,30,54895606.80808
60Zn,30,55820142.116399996
61Zn,30,56749461.78312001
62Zn,30,57676136.70524
63Zn,30,58606585.46616001
64Zn,30,59534288.97768
65Zn,30,60465875.07300001
66Zn,30,61394381.97252
67Zn,30,62326894.92624
68Zn,30,63256262.24856
69Zn,30,64189345.59918
70Zn,30,65119692.8636
71Zn,30,66053422.92542
72Zn,30,66984100.32504
73Zn,30,67918146.50566001
74Zn,30,68849477.29988
75Zn,30,69784169.21069999
76Zn,30,70715919.20272
77Zn,30,71650927.12434001
78Zn,30,72583727.18976
79Zn,30,73519272.23278
80Zn,30,74452550.0148
81Zn,30,75389493.06912
82Zn,30,76324872.87684
83Zn,30,77262371.93236
84Zn,30,78198331.35288
85Zn,30,79136610.77340001
86Zn,30,80073074.19392
56Ga,31,52143978.24596
57Ga,31,53063923.666480005
58Ga,31,53987279.087
59Ga,31,54908578.507520005
60Ga,31,55834211.92804
61Ga,31,56758165.03926001
62Ga,31,57684806.78528
63Ga,31,58611740.807500005
64Ga,31,59540949.18132
65Ga,31,60468618.62414001
66Ga,31,61399046.48656
67Ga,31,62327385.160679996
68Ga,31,63258672.3662
69Ga,31,64187924.70652
70Ga,31,65119836.477239996
71Ga,31,66050101.59876
72Ga,31,66983146.54468
73Ga,31,67913529.5928
74Ga,31,68846673.41292
75Ga,31,69777756.49834
76Ga,31,70711414.58916
77Ga,31,71643212.99298
78Ga,31,72576995.362
79Ga,31,73509645.19041999
80Ga,31,74444463.97844
81Ga,31,75377553.79336001
82Ga,31,76313745.12868
83Ga,31,77248912.82519999
84Ga,31,78185569.92052001
85Ga,31,79121414.10154001
86Ga,31,80058880.86156
87Ga,31,80995310.28208
88Ga,31,81933263.7026
58Ge,32,54002747.75464
59Ge,32,54925457.175160006
60Ge,32,55845758.59568
61Ge,32,56770989.016200006
62Ge,32,57694155.43672
63Ge,32,58620855.70514001
64Ge,32,59544955.52256
65Ge,32,60474286.90228001
66Ge,32,61400652.191
67Ge,32,62331079.61652001
68Ge,32,63258268.63704
69Ge,32,64189640.86436
70Ge,32,65117673.60488
71Ge,32,66049823.0836
72Ge,32,66978637.93712
73Ge,32,67911420.41244
74Ge,32,68840789.60156
75Ge,32,69773849.18348
76Ge,32,70703987.3576
77Ge,32,71637481.48842001
78Ge,32,72568326.40424
79Ge,32,73502155.38246
80Ge,32,74433641.35008
81Ge,32,75368379.07190001
82Ge,32,76300749.79772
83Ge,32,77236682.53304
84Ge,32,78171004.63856
85Ge,32,79107523.75218001
86Ge,32,80042741.3492
87Ge,32,80980009.94972
88Ge,32,81915602.37024
89Ge,32,82853606.79076001
90Ge,32,83789691.21128
60As,33,55867145.26332
61As,33,56787080.68384001
62As,33,57711338.10436
63As,33,58633782.52488001
64As,33,59559202.9454
65As,33,60483317.08442001
66As,33,61409723.16204
67As,33,62336655.117460005
68As,33,63265841.91988
69As,33,64193118.3714
70As,33,65123390.68152
71As,33,66051325.50404
72As,33,66982483.05036
73As,33,67911254.20738001
74As,33,68842841.0026
75As,33,69772160.96112
76As,33,70704397.88444
77As,33,71634267.03686
78As,33,72566860.50468001
79As,33,73497535.4944
80As,33,74430451.08172001
81As,33,75361626.46914001
82As,33,76295548.46016
83As,33,77227478.65327999
84As,33,78162788.5218
85As,33,79096947.04282
86As,33,80032668.14784001
87As,33,80967506.48466
88As,33,81904189.03788
89As,33,82839586.45840001
90As,33,83776607.87892
91As,33,84712574.29944
92As,33,85650206.71996
63Se,34,58649877.19252001
64Se,34,59571413.61304
65Se,34,60496729.03356001
66Se,34,61419544.45408
67Se,34,62346151.069800004
68Se,34,63270036.01752
69Se,34,64199284.84984001
70Se,34,65125283.770160004
71Se,34,66055561.25408
72Se,34,66982333.6828
73Se,34,67913468.58342001
74Se,34,68840976.87124
75Se,34,69772514.69625999
76Se,34,70700926.32368
77Se,34,71633072.88820001
78Se,34,72562140.53872
79Se,34,73494743.12913999
80Se,34,74424395.20536
81Se,34,75357259.77808002
82Se,34,76287549.0038
83Se,34,77221296.45492
84Se,34,78152183.36944
85Se,34,79087211.56146002
86Se,34,80020616.13808
87Se,34,80956187.281
88Se,34,81890223.30952
89Se,34,82826609.21494001
90Se,34,83761295.49856001
91Se,34,84698009.69088
92Se,34,85633365.3876
93Se,34,86570685.80812001
94Se,34,87506256.22864
95Se,34,88444101.64916
65Br,35,60512725.7012
66Br,35,61437127.12172
67Br,35,62359700.54224
68Br,35,63284929.96276
69Br,35,64208949.10388
70Br,35,65135277.0558
71Br,35,66061694.35841999
72Br,35,66990629.13764
73Br,35,67917539.20346
74Br,35,68847390.93488
75Br,35,69775066.17889999
76Br,35,70705378.21892
77Br,35,71633926.58534
78Br,35,72565203.33476001
79Br,35,73494081.53608
80Br,35,74425754.68100001
81Br,35,75355160.76302
82Br,35,76287133.23544
83Br,35,77217112.29896
84Br,35,78149837.02148001
85Br,35,79080538.74059999
86Br,35,80014976.06472
87Br,35,80948210.73914
88Br,35,81882880.55796
89Br,35,82816816.35587999
90Br,35,83752584.42920001
91Br,35,84686971.53252
92Br,35,85623340.12364
93Br,35,86558176.80596
94Br,35,87494904.89628
95Br,35,88430173.3168
96Br,35,89367349.73732
97Br,35,90302999.15784
98Br,35,91240500.57836
67Kr,36,62376162.20988001
68Kr,36,63297576.6304
69Kr,36,64222553.05092001
70Kr,36,65145099.47144
71Kr,36,66071358.59096001
72Kr,36,66995239.32288
73Kr,36,67924122.24990001
74Kr,36,68849836.26752
75Kr,36,69779338.58153999
76Kr,36,70706142.60936001
77Kr,36,71636480.96608001
78Kr,36,72563966.2326
79Kr,36,73495196.32912
80Kr,36,74423239.26864
81Kr,36,75354930.62856
82Kr,36,76283529.13488
83Kr,36,77215624.3897
84Kr,36,78144669.78552
85Kr,36,79077122.89874001
86Kr,36,80006831.66276
87Kr,36,80940881.91228
88Kr,36,81873394.24960001
89Kr,36,82808043.85512002
90Kr,36,83741114.49084
91Kr,36,84676593.87945999
92Kr,36,85610292.62288001
93Kr,36,86546420.05290002
94Kr,36,87480702.37472
95Kr,36,88417385.33594
96Kr,36,89351956.68336001
97Kr,36,90289108.96898001
98Kr,36,91223919.246
99Kr,36,92161091.66652
100Kr,36,93096582.08704
101Kr,36,94033972.50756001
71Rb,37,66084913.55960001
72Rb,37,67010312.98012
73Rb,37,67934151.40734
74Rb,37,68859741.11096
75Rb,37,69785932.52668
76Rb,37,70714166.2386
77Rb,37,71641308.93352
78Rb,37,72570698.10964
79Rb,37,73498324.85586
80Rb,37,74428446.26428
81Rb,37,75356659.13890001
82Rb,37,76287422.13032
83Rb,37,77216033.40393999
84Rb,37,78146839.17676
85Rb,37,79075924.91088001
86Rb,37,80006839.347
87Rb,37,80936482.65382
88Rb,37,81869965.55324
89Rb,37,82802356.26346001
90Rb,37,83736197.19148001
91Rb,37,84669311.8189
92Rb,37,85603778.52052
93Rb,37,86537425.16734001
94Rb,37,87472976.37796001
95Rb,37,88407142.96558
96Rb,37,89343173.02780001
97Rb,37,90277502.33472002
98Rb,37,91213146.43244001
99Rb,37,92147888.53516
100Rb,37,93084237.90468001
101Rb,37,94019430.46990001
102Rb,37,94956239.67712002
103Rb,37,95891849.01624
104Rb,37,96829022.43676001
73Sr,38,67947683.06828
74Sr,38,68870340.48879999
75Sr,38,69796021.53931999
76Sr,38,70719886.69544001
77Sr,38,71647825.00276
78Sr,38,72573948.59707999
79Sr,38,73503136.9832
80Sr,38,74429799.28392
81Sr,38,75360076.71794
82Sr,38,76287088.89495999
83Sr,38,77217795.44268
84Sr,38,78145437.58520001
85Sr,38,79076477.97402
86Sr,38,80004552.26743999
87Sr,38,80935689.39746
88Sr,38,81864141.94568
89Sr,38,82797348.6496
90Sr,38,83729100.83012
91Sr,38,84662893.93074
92Sr,38,85595172.61416
93Sr,38,86529448.24118
94Sr,38,87462182.4656
95Sr,38,88397405.00722
96Sr,38,89331098.14664
97Sr,38,90266929.81746
98Sr,38,91200582.20828
99Sr,38,92135980.1753
100Sr,38,93070175.30232
101Sr,38,94006161.99174
102Sr,38,94940821.69075999
103Sr,38,95877165.68388
104Sr,38,96812233.10440001
105Sr,38,97749262.52492
106Sr,38,98684703.94544
107Sr,38,99622254.36596
75Y,39,69810291.57696
76Y,39,70735383.99748
77Y,39,71658691.418
78Y,39,72584440.83851999
79Y,39,73510302.73384
80Y,39,74438451.60756001
81Y,39,75365380.94898
82Y,39,76294523.8722
83Y,39,77221876.40182
84Y,39,78151681.74084
85Y,39,79079228.15116
86Y,39,80009281.28288
87Y,39,80937040.0995
88Y,39,81867253.55892001
89Y,39,82795335.48524
90Y,39,83728043.88275999
91Y,39,84659683.57418
92Y,39,85592712.501
93Y,39,86524795.94412
94Y,39,87458165.72763999
95Y,39,88390803.36936
96Y,39,89325175.42548001
97Y,39,90258884.0532
98Y,39,91194204.86131999
99Y,39,92127343.98324001
100Y,39,93062160.57996
101Y,39,93995921.12998
102Y,39,94931297.3766
103Y,39,95865507.09072
104Y,39,96801371.77204001
105Y,39,97736419.19256
106Y,39,98672704.61308
107Y,39,99608014.0336
108Y,39,100544693.45412001
109Y,39,101480489.87464
77Zr,40,71673029.08564
78Zr,40,72595237.50615999
79Zr,40,73520841.92668
80Zr,40,74444300.3472
81Zr,40,75373058.46382
82Zr,40,76298462.92704
83Zr,40,77227659.43366
84Zr,40,78153643.50088
85Zr,40,79083384.1008
86Zr,40,80010084.37252
87Zr,40,80940200.34934
88Zr,40,81867412.72816001
89Zr,40,82797657.73338
90Zr,40,83725257.2614
91Zr,40,84657628.31702
92Zr,40,85588558.98984
93Zr,40,86521390.08886
94Zr,40,87452736.88408
95Zr,40,88385840.377
96Zr,40,89317555.55872001
97Zr,40,90251551.83064
98Zr,40,91184700.87336
99Zr,40,92119860.06208
100Zr,40,93052598.09760001
101Zr,40,93987303.94422
102Zr,40,94920377.61063999
103Zr,40,95855644.14806001
104Zr,40,96789229.58608001
105Zr,40,97724983.0702
106Zr,40,98659221.28072
107Zr,40,99595378.70124
108Zr,40,100530008.12176001
109Zr,40,101466661.54228
110Zr,40,102401652.9628
111Zr,40,103338930.38332
112Zr,40,104274521.80384
113Zr,40,105212108.22436
79Nb,41,73535427.59432
80Nb,41,74460127.01484
81Nb,41,75383684.43536
82Nb,41,76309753.85587999
83Nb,41,77235447.1977
84Nb,41,78163360.36772001
85Nb,41,79089768.62294
86Nb,41,80018408.35136
87Nb,41,80945162.02118
88Nb,41,81874359.0646
89Nb,41,82801398.96192001
90Nb,41,83730857.29003999
91Nb,41,84658374.89526
92Nb,41,85590053.73588
93Nb,41,86520788.2859
94Nb,41,87453126.17052
95Nb,41,88384203.05914
96Nb,41,89316880.61036001
97Nb,41,90248374.73888001
98Nb,41,91181947.0274
99Nb,41,92114630.40062
100Nb,41,93048668.59524001
101Nb,41,93981062.46026
102Nb,41,94915149.78128
103Nb,41,95847913.49080001
104Nb,41,96782625.25452001
105Nb,41,97716014.81534
106Nb,41,98651221.78416
107Nb,41,99585194.76028
108Nb,41,100520867.46620001
109Nb,41,101455216.96362
110Nb,41,102391090.95344
111Nb,41,103325982.05096
112Nb,41,104262364.47148001
113Nb,41,105197706.89199999
114Nb,41,106134373.31252
115Nb,41,107069981.73304
116Nb,41,108007170.15356001
81Mo,42,75398105.103
82Mo,42,76320678.52352
83Mo,42,77246187.94404
84Mo,42,78169875.36456001
85Mo,42,79098027.56508
86Mo,42,80022920.5006
87Mo,42,80951640.71202
88Mo,42,81877333.08104001
89Mo,42,82806498.79326001
90Mo,42,83732835.32268
91Mo,42,84662293.1056
92Mo,42,85589187.45832
93Mo,42,86520683.06574
94Mo,42,87450570.16436
95Mo,42,88382766.47628
96Mo,42,89313177.5628
97Mo,42,90245921.84912
98Mo,42,91176844.68004
99Mo,42,92110484.65056
100Mo,42,93041755.83288
101Mo,42,93975923.00750001
102Mo,42,94907376.19511999
103Mo,42,95841476.83284001
104Mo,42,96773581.51976001
105Mo,42,97708088.58048001
106Mo,42,98640785.47479999
107Mo,42,99575862.60352
108Mo,42,100509152.38224001
109Mo,42,101444736.50086
110Mo,42,102378354.06808
111Mo,42,103314444.1734
112Mo,42,104248415.13912001
113Mo,42,105184774.55964
114Mo,42,106119171.98016
115Mo,42,107055808.40068
116Mo,42,107990680.8212
117Mo,42,108927602.24172
118Mo,42,109862493.66224
119Mo,42,110799704.08276
83Tc,43,77260747.61168
84Tc,43,78185802.03220001
85Tc,43,79109172.45272
86Tc,43,80034932.87324
87Tc,43,80960324.48746
88Tc,43,81887838.33988
89Tc,43,82813607.8886
90Tc,43,83741772.15531999
91Tc,43,84668004.29804
92Tc,43,85596559.34836002
93Tc,43,86523373.04428001
94Tc,43,87454314.9312
95Tc,43,88383946.00342001
96Tc,43,89315639.81764
97Tc,43,90245731.13516
98Tc,43,91178017.45887999
99Tc,43,92108615.9005
100Tc,43,93041416.92052001
101Tc,43,93972587.38444
102Tc,43,94905853.15876
103Tc,43,95837316.25858
104Tc,43,96770915.3146
105Tc,43,97702622.08612001
106Tc,43,98636626.24164
107Tc,43,99569146.62886001
108Tc,43,100503467.86708002
109Tc,43,101436601.96880001
110Tc,43,102371344.33272
111Tc,43,103304848.32964
112Tc,43,104240108.17636001
113Tc,43,105174049.65968001
114Tc,43,106109755.0192
115Tc,43,107044050.06832
116Tc,43,107980107.48884001
117Tc,43,108914725.90935999
118Tc,43,109851052.32988
119Tc,43,110785677.7504
120Tc,43,111722277.17092001
121Tc,43,112657268.59143999
122Tc,43,113594026.01196
85Ru,44,79123859.12036
86Ru,44,80046281.54088
87Ru,44,80971797.9614
88Ru,44,81894626.38192001
89Ru,44,82822122.33844
90Ru,44,83747102.06695999
91Ru,44,84675240.13178
92Ru,44,85600672.856
93Ru,44,86529251.45342
94Ru,44,87455378.67704
95Ru,44,88385998.61856
96Ru,44,89314870.09808001
97Ru,44,90246324.01630001
98Ru,44,91175713.81512
99Ru,44,92107807.40084
100Ru,44,93037699.49816
101Ru,44,93970462.88268
102Ru,44,94900808.6642
103Ru,44,95834142.03292
104Ru,44,96764807.53104001
105Ru,44,97698462.86276
106Ru,44,98629568.24768
107Ru,44,99563523.03860001
108Ru,44,100495218.30872001
109Ru,44,101429635.36084001
110Ru,44,102361795.28036
111Ru,44,103296576.69368
112Ru,44,104229225.24720001
113Ru,44,105164482.41082
114Ru,44,106097623.11404
115Ru,44,107033233.12596
116Ru,44,107966763.61248
117Ru,44,108902836.7645
118Ru,44,109836778.99752
119Ru,44,110773198.41804
120Ru,44,111707063.83856
121Ru,44,112643633.25908001
122Ru,44,113577970.6796
123Ru,44,114514693.10012001
124Ru,44,115449145.52064
125Ru,44,116385895.94116001
88Rh,45,81911637.04956001
89Rh,45,82834301.47008
90Rh,45,83759827.8906
91Rh,45,84684405.31112
92Rh,45,85611463.99044001
93Rh,45,86536945.38066
94Rh,45,87464543.66248
95Rh,45,88390604.7767
96Rh,45,89320751.75772001
97Rh,45,90249336.02894
98Rh,45,91180252.48235999
99Rh,45,92109337.28118001
100Rh,45,93040824.77580002
101Rh,45,93970497.57912001
102Rh,45,94902620.79324
103Rh,45,95832866.50926
104Rh,45,96765432.96748002
105Rh,45,97696035.1419
106Rh,45,98629017.85872
107Rh,45,99560010.91144
108Rh,45,100493337.56436001
109Rh,45,101424863.57688001
110Rh,45,102358528.24
111Rh,45,103290547.15782
112Rh,45,104224614.08284001
113Rh,45,105157072.29806
114Rh,45,106091623.06368
115Rh,45,107024598.2166
116Rh,45,107959585.79732001
117Rh,45,108892918.88243999
118Rh,45,109828422.90496
119Rh,45,110761981.04498
120Rh,45,111697730.50620002
121Rh,45,112631541.92301999
122Rh,45,113567405.34724
123Rh,45,114501591.76776001
124Rh,45,115437560.18828002
125Rh,45,116371977.6088
126Rh,45,117308081.02932
127Rh,45,118242988.44984001
128Rh,45,119180893.87036002
90Pd,46,83771224.55824
91Pd,46,84696306.97876
92Pd,46,85619173.00528002
93Pd,46,86546464.39570001
94Pd,46,87470838.01952
95Pd,46,88398468.49434
96Pd,46,89323745.09416
97Pd,46,90253616.76278001
98Pd,46,91181595.7322
99Pd,46,92112227.95612
100Pd,46,93040692.24344002
101Pd,46,93971966.87956001
102Pd,46,94900990.15708
103Pd,46,95832930.2431
104Pd,46,96762486.20152001
105Pd,46,97694957.52154
106Pd,46,98624961.98616
107Pd,46,99557990.98488
108Pd,46,100488333.52480002
109Pd,46,101421745.35562001
110Pd,46,102352515.03863999
111Pd,46,103286354.16136001
112Pd,46,104217513.11368002
113Pd,46,105151737.7467
114Pd,46,106083332.01232
115Pd,46,107017890.63824001
116Pd,46,107949979.53376001
117Pd,46,108884880.76918001
118Pd,46,109817410.4082
119Pd,46,110752885.58472002
120Pd,46,111685507.36984
121Pd,46,112621098.72796
122Pd,46,113554159.00388
123Pd,46,114489839.524
124Pd,46,115423370.85592
125Pd,46,116359309.27644001
126Pd,46,117292927.69696
127Pd,46,118228995.11748001
128Pd,46,119163344.538
129Pd,46,120101351.95852001
130Pd,46,121038031.37904
131Pd,46,121976493.79956001
92Ag,47,85635872.06692001
93Ag,47,86558522.48744
94Ag,47,87483990.90796
95Ag,47,88408003.32848
96Ag,47,89334905.88020001
97Ag,47,90260007.59582001
98Ag,47,91189339.30324
99Ag,47,92117187.34496
100Ag,47,93047255.96108001
101Ag,47,93975553.6551
102Ag,47,94906135.44212
103Ag,47,95835073.53664
104Ag,47,96766253.87316002
105Ag,47,97695793.59968
106Ag,47,98627416.146
107Ag,47,99557445.94632001
108Ag,47,100489739.96564001
109Ag,47,101420121.42626001
110Ag,47,102352877.65728
111Ag,47,103283613.611
112Ag,47,104216739.43892002
113Ag,47,105147790.43984
114Ag,47,106081380.55796
115Ag,47,107012822.87938
116Ag,47,107946756.91260001
117Ag,47,108878611.75442001
118Ag,47,109812733.98044
119Ag,47,110745136.12156
120Ag,47,111679624.46948002
121Ag,47,112612367.2594
122Ag,47,113547158.07232
123Ag,47,114480189.70694001
124Ag,47,115415022.44436002
125Ag,47,116348226.55657999
126Ag,47,117283570.3646
127Ag,47,118217033.78512001
128Ag,47,119152579.20564002
129Ag,47,120086900.62616
130Ag,47,121024258.04668
131Ag,47,121960921.46720001
132Ag,47,122898852.88772002
133Ag,47,123835685.30824
94Cd,48,87495481.5756
95Cd,48,88420389.99612
96Cd,48,89343336.41664001
97Cd,48,90269666.61106001
98Cd,48,91194258.31828
99Cd,48,92123457.7116
100Cd,48,93050688.34872001
101Cd,48,93980540.58354001
102Cd,48,94908211.45536
103Cd,48,95838713.62618001
104Cd,48,96766890.96800001
105Cd,48,97698019.61532001
106Cd,48,98626715.40664
107Cd,48,99558351.33556001
108Cd,48,100487583.34608002
109Cd,48,101419825.54200001
110Cd,48,102349475.99892
111Cd,48,103282065.83334
112Cd,48,104212237.31776002
113Cd,48,105145262.98928002
114Cd,48,106075785.447
115Cd,48,107009210.00852
116Cd,48,107940076.09944002
117Cd,48,108873864.28956
118Cd,48,109805075.13808
119Cd,48,110739293.95470001
120Cd,48,111670807.62912
121Cd,48,112605185.26844001
122Cd,48,113537140.81276
123Cd,48,114471833.12418
124Cd,48,115404041.9716
125Cd,48,116338887.42422001
126Cd,48,117271473.88044
127Cd,48,118206482.52106
128Cd,48,119139479.57568
129Cd,48,120075089.78190002
130Cd,48,121008588.43032001
131Cd,48,121945988.36244
132Cd,48,122882228.79816
133Cd,48,123820027.97588001
134Cd,48,124756162.3964
135Cd,48,125694391.81692001
96In,49,89360283.08428
97In,49,90282467.50479999
98In,49,91207497.92532
99In,49,92131507.34584
100In,49,93060193.81636
101In,49,93987321.16088
102In,49,94916665.2736
103In,49,95844221.87822
104In,49,96774165.69644
105In,49,97702201.89646
106In,49,98632728.43168
107In,49,99561264.0127
108In,49,100492204.95772
109In,49,101421329.35674
110In,49,102352843.01456
111In,49,103282415.04568002
112In,49,104214311.0638
113In,49,105144428.17702
114In,49,106076719.59484
115In,49,107007247.14616
116In,49,107940027.84148
117In,49,108870828.6751
118In,49,109804037.62972
119In,49,110735061.25094001
120In,49,111668526.27676
121In,49,112599913.51658
122In,49,113533670.854
123In,49,114465307.28571999
124In,49,115399362.64564
125In,49,116331312.21686
126In,49,117265409.25568001
127In,49,118197832.828
128In,49,119132016.72012
129In,49,120064866.05044
130In,49,120999288.50196001
131In,49,121932664.77608
132In,49,122869771.68460001
133In,49,123805966.64352
134In,49,124743211.06404
135In,49,125679598.48456
136In,49,126617147.90508
137In,49,127553828.3256
99Sn,50,92144371.01348001
100Sn,50,93066712.834
101Sn,50,93995049.45152
102Sn,50,94921914.28244
103Sn,50,95851242.69556001
104Sn,50,96778210.33048
105Sn,50,97707993.49159999
106Sn,50,98635471.89732
107Sn,50,99565807.45544001
108Sn,50,100493743.84976
109Sn,50,101424677.72398
110Sn,50,102352960.0142
111Sn,50,103284357.51872002
112Sn,50,104213135.16344
113Sn,50,105144956.17865999
114Sn,50,106074218.67188
115Sn,50,107006238.66880001
116Sn,50,107936240.63672
117Sn,50,108868862.97884
118Sn,50,109799101.97956
119Sn,50,110732183.94528002
120Sn,50,111662645.2844
121Sn,50,112596040.50051999
122Sn,50,113526791.27584
123Sn,50,114460410.65606001
124Sn,50,115391487.96367998
125Sn,50,116325319.8845
126Sn,50,117256692.50732
127Sn,50,118190732.16664001
128Sn,50,119122334.42135999
129Sn,50,120056599.35218
130Sn,50,120988551.83960001
131Sn,50,121922913.57282001
132Sn,50,122855125.70743999
133Sn,50,123792292.47416
134Sn,50,124728226.69708
135Sn,50,125665522.31270002
136Sn,50,126601438.57271999
137Sn,50,127538971.99324
138Sn,50,128475077.41376
139Sn,50,129412779.83428001
140Sn,50,130349172.25479999
102Sb,51,94935250.94268
103Sb,51,95861176.36320001
104Sb,51,96790011.78372
105Sb,51,97716805.01274
106Sb,51,98645841.31036
107Sb,51,99573155.46448001
108Sb,51,100502857.473
109Sb,51,101430545.93142
110Sb,51,102360841.27584
111Sb,51,103288948.37406
112Sb,51,104219680.25188
113Sb,51,105148356.35779999
114Sb,51,106079770.81152001
115Sb,51,107008758.11544001
116Sb,51,107940433.61716
117Sb,51,108870110.17277999
118Sb,51,109802247.6302
119Sb,51,110732262.39732002
120Sb,51,111664814.91204001
121Sb,51,112595126.98716
122Sb,51,113527886.04468
123Sb,51,114458491.4628
124Sb,51,115391589.38332
125Sb,51,116322447.46463999
126Sb,51,117255803.52156
127Sb,51,118186992.45868
128Sb,51,119120555.009
129Sb,51,120052049.58252
130Sb,51,120985887.38424
131Sb,51,121917685.76026
132Sb,51,122851525.99188
133Sb,51,123783731.86219999
134Sb,51,124720130.46612
135Sb,51,125655953.25084
136Sb,51,126592630.79156001
137Sb,51,127528571.39408
138Sb,51,128465504.0814
139Sb,51,129401617.50192
140Sb,51,130338778.92244
141Sb,51,131275035.34296
142Sb,51,132212495.76348001
104Te,52,96799188.58896
105Te,52,97727498.00788
106Te,52,98653583.86320001
107Te,52,99582640.71292001
108Te,52,100509010.14664
109Te,52,101438570.52946
110Te,52,102365550.21448
111Te,52,103295686.6465
112Te,52,104223200.71312
113Te,52,105153915.30024
114Te,52,106081866.76756
115Te,52,107013187.78108001
116Te,52,107941480.8516
117Te,52,108873143.24302
118Te,52,109802042.09264
119Te,52,110734044.41766001
120Te,52,111663358.89568001
121Te,52,112595672.0441
122Te,52,113525395.97772
123Te,52,114458032.39024001
124Te,52,115388173.31976
125Te,52,116321169.76978
126Te,52,117251621.50060001
127Te,52,118184899.28032002
128Te,52,119115680.08303998
129Te,52,120049163.10016
130Te,52,120980309.12188001
131Te,52,121913945.16450001
132Te,52,122845462.08712
133Te,52,123779207.25494
134Te,52,124711104.74416001
135Te,52,125647403.80348001
136Te,52,126582201.4144
137Te,52,127518817.03762
138Te,52,128453918.90224001
139Te,52,129390903.91716002
140Te,52,130326235.65208
141Te,52,131263449.0106
142Te,52,132198990.43112001
143Te,52,133136591.85164002
144Te,52,134072407.27216
145Te,52,135010022.69268
106I,53,98667953.96004
107I,53,99593331.38056001
108I,53,100521510.80108
109I,53,101448102.434
110I,53,102376801.20512
111I,53,103303809.35534
112I,53,104233193.91196
113I,53,105160631.83727999
114I,53,106090606.51820001
115I,53,107018401.75822002
116I,53,107948813.01244001
117I,53,108877289.19386
118I,53,109808250.81088
119I,53,110736938.23120001
120I,53,111668462.90732001
121I,53,112597458.52474
122I,53,113529118.99256
123I,53,114458749.78808
124I,53,115390821.9226
125I,53,116320844.56242
126I,53,117253264.19504
127I,53,118183685.57696
128I,53,119116424.85628
129I,53,120047149.8188
130I,53,120980214.90952
131I,53,121911202.47434
132I,53,122844435.80396001
133I,53,123775776.10718
134I,53,124709084.05980001
135I,53,125640842.43362
136I,53,126576570.48444001
137I,53,127511253.54406
138I,53,128447124.00668001
139I,53,129382127.0472
140I,53,130318485.89772001
141I,53,131253659.55404
142I,53,132190277.35736
143I,53,133125717.51928002
144I,53,134062761.93980002
145I,53,134998434.36032
146I,53,135935478.78084
147I,53,136871423.20136
108Xe,54,100531137.49992001
109Xe,54,101459094.41533999
110Xe,54,102384835.42176001
111Xe,54,103313719.73028001
112Xe,54,104239719.9156
113Xe,54,105169036.74122
114Xe,54,106095648.57624
115Xe,54,107025571.81636001
116Xe,54,107952675.79888001
117Xe,54,108883031.4342
118Xe,54,109810631.80972001
119Xe,54,110741410.49644001
120Xe,54,111669526.65096001
121Xe,54,112600712.19088
122Xe,54,113529332.29920001
123Xe,54,114460933.13682002
124Xe,54,115390008.08584
125Xe,54,116321970.24256
126Xe,54,117251517.31308001
127Xe,54,118183836.92040001
128Xe,54,119113791.37672
129Xe,54,120046449.93804
130Xe,54,120976759.63816
131Xe,54,121909720.63298002
132Xe,54,122840349.33839999
133Xe,54,123773478.83762
134Xe,54,124704490.68264
135Xe,54,125637697.25226001
136Xe,54,126569175.55287999
137Xe,54,127504715.41330001
138Xe,54,128438620.68492001
139Xe,54,129374442.43924002
140Xe,54,130308594.67536
141Xe,54,131244877.92318
142Xe,54,132179339.6974
143Xe,54,133115860.56042002
144Xe,54,134050685.23944
145Xe,54,134987558.31146
146Xe,54,135922590.80008
147Xe,54,136859692.86900002
148Xe,54,137794886.28952
149Xe,54,138732066.71004
150Xe,54,139667523.13056
111Cs,55,103324858.39792001
112Cs,55,104252769.81844
113Cs,55,105178964.83996
114Cs,55,106107537.55408001
115Cs,55,107034050.08000001
116Cs,55,107963195.50052
117Cs,55,108890212.69263999
118Cs,55,109819790.51616001
119Cs,55,110747388.93278001
120Cs,55,111677299.45060001
121Cs,55,112605579.86392
122Cs,55,113536031.54064001
123Cs,55,114464626.75336002
124Cs,55,115395423.45108001
125Cs,55,116324568.8727
126Cs,55,117255802.02592
127Cs,55,118185406.79034
128Cs,55,119117209.14836001
129Cs,55,120047135.96878
130Cs,55,120979229.3638
131Cs,55,121909567.65562
132Cs,55,122841964.63924001
133Cs,55,123772540.49556
134Cs,55,124705214.37188001
135Cs,55,125636017.6849
136Cs,55,126568754.87812
137Cs,55,127500042.07174
138Cs,55,128435194.92136002
139Cs,55,129368874.95418
140Cs,55,130304020.415
141Cs,55,131238086.90212001
142Cs,55,132173543.80064002
143Cs,55,133107876.94446002
144Cs,55,134043775.20148003
145Cs,55,134978486.2366
146Cs,55,135914724.38712
147Cs,55,136849608.78963998
148Cs,55,137786112.01596
149Cs,55,138721237.37768
150Cs,55,139657829.7982
151Cs,55,140593282.21872002
152Cs,55,141529850.63924003
113Ba,56,105190510.9066
114Ba,56,106115807.06612
115Ba,56,107044256.74764001
116Ba,56,107970370.16816
117Ba,56,108898736.90048
118Ba,56,109825507.0092
119Ba,56,110754592.91442001
120Ba,56,111681788.46224001
121Ba,56,112611426.36646
122Ba,56,113539056.37388001
123Ba,56,114469504.45400001
124Ba,56,115397563.74072
125Ba,56,116328478.65284
126Ba,56,117256971.81716001
127Ba,56,118188317.88188002
128Ba,56,119117260.776
129Ba,56,120049063.17302
130Ba,56,120978361.36544001
131Ba,56,121910433.28186002
132Ba,56,122840171.43608
133Ba,56,123772546.9323
134Ba,56,124702644.54212001
135Ba,56,125635238.00054002
136Ba,56,126565695.68096
137Ba,56,127498355.45348
138Ba,56,128429309.156
139Ba,56,129364151.14352001
140Ba,56,130297291.26064
141Ba,56,131232320.76776001
142Ba,56,132165705.10608001
143Ba,56,133101104.26680002
144Ba,56,134034768.43711999
145Ba,56,134970513.49374
146Ba,56,135904657.50596002
147Ba,56,136840753.85078
148Ba,56,137774967.0784
149Ba,56,138711175.46982
150Ba,56,139645610.39084002
151Ba,56,140582022.88636002
152Ba,56,141516853.30688
153Ba,56,142453563.7274
154Ba,56,143388494.14792
116La,57,107984156.8358
117La,57,108909372.25632
118La,57,109837547.67684
119La,57,110763644.09736001
120La,57,111692650.51788001
121La,57,112619438.9384
122La,57,113548591.35892001
123La,57,114475985.77944002
124La,57,115405883.91756001
125La,57,116333877.14548
126La,57,117264157.2642
127La,57,118192728.72912002
128La,57,119123493.51084001
129La,57,120052289.51046
130La,57,120983479.77608001
131La,57,121912831.988
132La,57,122844371.78532001
133La,57,123774095.06514001
134La,57,124705864.90596001
135La,57,125635934.20368001
136La,57,126568034.283
137La,57,127498425.01082
138La,57,128430546.56424001
139La,57,129361331.68846
140La,57,130295736.11428002
141La,57,131228612.4438
142La,57,132163012.43472001
143La,57,133096359.01454002
144La,57,134031174.93516003
145La,57,134964683.37238002
146La,57,135899791.6266
147La,57,136833828.49271998
148La,57,137769292.25044
149La,57,138703275.17946002
150La,57,139638678.04848
151La,57,140573172.9704
152La,57,141508719.97452003
153La,57,142443396.39504
154La,57,143379500.81556
155La,57,144314580.23608
156La,57,145250953.6566
157La,57,146186447.07712
119Ce,58,110774369.76500002
120Ce,58,111699877.18552001
121Ce,58,112628430.60604
122Ce,58,113554740.02656001
123Ce,58,114483794.44708002
124Ce,58,115410702.86760001
125Ce,58,116340414.28812
126Ce,58,117267799.18804
127Ce,58,118198134.51976001
128Ce,58,119126074.03448
129Ce,58,120056814.56830001
130Ce,58,120985173.25872001
131Ce,58,121916381.81734002
132Ce,58,122845115.68816
133Ce,58,123776660.24898
134Ce,58,124705739.67840001
135Ce,58,125637450.36982001
136Ce,58,126567052.22744
137Ce,58,127499136.12546
138Ce,58,128428983.12448001
139Ce,58,129361085.34580001
140Ce,58,130291462.96592
141Ce,58,131225600.23684001
142Ce,58,132157992.49696001
143Ce,58,133092413.11798002
144Ce,58,134025081.6652
145Ce,58,134959940.64952
146Ce,58,135892875.93644002
147Ce,58,136827982.01176003
148Ce,58,137761091.59528
149Ce,58,138696314.20000002
150Ce,58,139629631.35112002
151Ce,58,140564747.25874
152Ce,58,141498458.64216
153Ce,58,142433994.06268
154Ce,58,143368197.4832
155Ce,58,144304141.90372002
156Ce,58,145238584.32424
157Ce,58,146174948.74476
158Ce,58,147109953.16528
159Ce,58,148046591.58580002
121Pr,59,112639116.27368
122Pr,59,113567354.69420001
123Pr,59,114493448.11472
124Pr,59,115421933.53524
125Pr,59,116348495.95576
126Pr,59,117277752.37628001
127Pr,59,118205069.7968
128Pr,59,119134766.21251999
129Pr,59,120062817.51464
130Pr,59,120992909.71336001
131Pr,59,121921278.62798
132Pr,59,122851845.923
133Pr,59,123780629.89952001
134Pr,59,124711533.59264001
135Pr,59,125640619.82695998
136Pr,59,126571709.37108
137Pr,59,127501342.0882
138Pr,59,128432909.13152002
139Pr,59,129362703.45183998
140Pr,59,130294339.98155999
141Pr,59,131224505.77088
142Pr,59,132158228.05020002
143Pr,59,133090440.32112
144Pr,59,134024252.02724
145Pr,59,134956870.73366
146Pr,59,135891317.33668002
147Pr,59,136824040.8272
148Pr,59,137758443.57452
149Pr,59,138691433.75224
150Pr,59,139625666.72876
151Pr,59,140558681.64688
152Pr,59,141493197.365
153Pr,59,142426881.05402002
154Pr,59,143362084.04324
155Pr,59,144296022.40236
156Pr,59,145231482.53468
157Pr,59,146165991.1434
158Pr,59,147101707.83292
159Pr,59,148036712.25344
160Pr,59,148972720.67396
161Pr,59,149907980.09448
124Nd,60,115429816.20288
125Nd,60,116358077.6234
126Nd,60,117284271.04392001
127Nd,60,118213174.46444
128Nd,60,119140117.88496
129Nd,60,120069700.30548
130Nd,60,120996977.958
131Nd,60,121927300.25702
132Nd,60,122855136.59424
133Nd,60,123785724.13156
134Nd,60,124713904.16868
135Nd,60,125644831.0926
136Nd,60,126573339.52192
137Nd,60,127504448.94924
138Nd,60,128433509.83535999
139Nd,60,129365004.18688
140Nd,60,130294257.9712
141Nd,60,131225817.80832
142Nd,60,132155553.37024
143Nd,60,133088995.22286
144Nd,60,134020743.60048
145Nd,60,134954553.7303
146Nd,60,135886553.92012
147Nd,60,136820827.14564002
148Nd,60,137753059.98096
149Nd,60,138687586.60458001
150Nd,60,139619776.30139998
151Nd,60,140554007.16782
152Nd,60,141486294.79184
153Nd,60,142420608.16836
154Nd,60,143353853.05708
155Nd,60,144288642.96400002
156Nd,60,145222218.72552
157Nd,60,146157420.84534
158Nd,60,147091573.94235998
159Nd,60,148027179.15948
160Nd,60,148961672.7496
161Nd,60,149897670.76212
162Nd,60,150832434.18264002
163Nd,60,151768867.60316002
126Pm,61,117297341.71156001
127Pm,61,118223311.13208
128Pm,61,119151880.5526
129Pm,61,120078339.97312
130Pm,61,121007581.39364001
131Pm,61,121934823.81416
132Pm,61,122864378.23468
133Pm,61,123792137.8699
134Pm,61,124722275.72032002
135Pm,61,125650471.40074
136Pm,61,126580857.90156
137Pm,61,127509449.06808001
138Pm,61,128440101.65740001
139Pm,61,129369009.10362
140Pm,61,130299792.18684
141Pm,61,131228975.40886001
142Pm,61,132159850.90448001
143Pm,61,133089525.88409999
144Pm,61,134022564.52732
145Pm,61,134954207.24794
146Pm,61,135887514.49196002
147Pm,61,136819420.97608
148Pm,61,137753091.1746
149Pm,61,138685386.75622
150Pm,61,139619347.92904
151Pm,61,140551053.10726
152Pm,61,141484678.99148
153Pm,61,142416779.5648
154Pm,61,143350655.06812
155Pm,61,144283475.76314
156Pm,61,145217743.02436
157Pm,61,146151106.85708
158Pm,61,147085791.9406
159Pm,61,148019837.83282
160Pm,61,148954991.64124
161Pm,61,149889293.80006
162Pm,61,150824822.85028002
163Pm,61,151759424.2708
164Pm,61,152695539.69132
165Pm,61,153630721.11184
128Sm,62,119160443.22024
129Sm,62,120088785.64076
130Sm,62,121014868.06128001
131Sm,62,121943748.4818
132Sm,62,122870344.90232
133Sm,62,123799793.32284
134Sm,62,124727201.74336
135Sm,62,125657165.51888001
136Sm,62,126584705.9404
137Sm,62,127515019.28502001
138Sm,62,128443007.27864
139Sm,62,129373618.92056
140Sm,62,130302037.31248
141Sm,62,131233053.40100001
142Sm,62,132161499.52812
143Sm,62,133092458.43054
144Sm,62,134021504.02856
145Sm,62,134954312.35358
146Sm,62,135885461.50700003
147Sm,62,136818685.92032003
148Sm,62,137750110.00584
149Sm,62,138683804.27446002
150Sm,62,139615382.94667998
151Sm,62,140549351.8937
152Sm,62,141480659.50872
153Sm,62,142414356.52634
154Sm,62,143345955.11716002
155Sm,62,144279713.57528
156Sm,62,145212038.1524
157Sm,62,146146215.33592
158Sm,62,147079135.25083998
159Sm,62,148013673.34465998
160Sm,62,148947142.13288
161Sm,62,149882197.36760002
162Sm,62,150815984.44892
163Sm,62,151751257.99454004
164Sm,62,152685426.38976002
165Sm,62,153621342.77948
166Sm,62,154555855.2
167Sm,62,155492574.62052
168Sm,62,156427676.04104
130Eu,63,121028524.72892001
131Eu,63,121954114.14944
132Eu,63,122882779.56996
133Eu,63,123809272.99048
134Eu,63,124738236.41100001
135Eu,63,125665406.83151999
136Eu,63,126594825.25204
137Eu,63,127522354.06196001
138Eu,63,128452244.38128002
139Eu,63,129380090.1143
140Eu,63,130309996.31412
141Eu,63,131238550.72734001
142Eu,63,132168661.54316002
143Eu,63,133097223.26458
144Eu,63,134027339.5026
145Eu,63,134956461.24872002
146Eu,63,135888829.28304002
147Eu,63,136819896.36545998
148Eu,63,137752637.60428
149Eu,63,138683987.8748
150Eu,63,139617130.92432
151Eu,63,140548764.29004
152Eu,63,141482022.99956
153Eu,63,142413038.13258
154Eu,63,143346161.32900003
155Eu,63,144277575.46192
156Eu,63,145210805.06724
157Eu,63,146142922.87546
158Eu,63,147076605.64748
159Eu,63,148009326.83069998
160Eu,63,148943370.86452
161Eu,63,149876566.82404
162Eu,63,150811129.57896003
163Eu,63,151744772.80247998
164Eu,63,152679608.5762
165Eu,63,153613605.71862
166Eu,63,154549083.86764002
167Eu,63,155483599.28816
168Eu,63,156419494.70868
169Eu,63,157354597.1292
170Eu,63,158290931.54972002
133Gd,64,123819949.65812
134Gd,64,124745921.07864001
135Gd,64,125674778.49916
136Gd,64,126601419.91968
137Gd,64,127530729.3402
138Gd,64,128457798.76072
139Gd,64,129387306.18124
140Gd,64,130314689.00376
141Gd,64,131244741.15328
142Gd,64,132172499.963
143Gd,64,133102722.27491999
144Gd,64,134030688.18304
145Gd,64,134961015.17186
146Gd,64,135889350.07368
147Gd,64,136821573.06520003
148Gd,64,137752154.67552
149Gd,64,138684791.03204
150Gd,64,139615648.26196
151Gd,64,140548717.49288
152Gd,64,141479693.2096
153Gd,64,142413011.67082
154Gd,64,143343682.35064003
155Gd,64,144276812.52406
156Gd,64,145207841.58328
157Gd,64,146141047.1202
158Gd,64,147072675.15291998
159Gd,64,148006297.37734
160Gd,64,148938411.27616
161Gd,64,149872341.29528
162Gd,64,150805060.8106
163Gd,64,151739447.04572004
164Gd,64,152672636.05504
165Gd,64,153607298.05276
166Gd,64,154540947.01928
167Gd,64,155476036.3082
168Gd,64,156410137.37632
169Gd,64,157345867.79684
170Gd,64,158280458.21736002
171Gd,64,159216623.63788003
172Gd,64,160151295.0584
135Tb,65,125685500.1668
136Tb,65,126614134.58732
137Tb,65,127540533.00784001
138Tb,65,128469339.42836002
139Tb,65,129396298.84888
140Tb,65,130325478.0214
141Tb,65,131252913.55982001
142Tb,65,132182388.97444001
143Tb,65,133110023.41416
144Tb,65,134039568.52268
145Tb,65,134967031.1155
146Tb,65,135897161.27212003
147Tb,65,136825676.33804
148Tb,65,137757376.16996
149Tb,65,138687918.57438
150Tb,65,139619795.53460002
151Tb,65,140550771.87581998
152Tb,65,141483172.22124
153Tb,65,142414070.02496
154Tb,65,143346721.02288002
155Tb,65,144277121.3957
156Tb,65,145209774.92372
157Tb,65,146140596.18704
158Tb,65,147073383.25396
159Tb,65,148004815.66178
160Tb,65,148938005.8638
161Tb,65,149869874.67542002
162Tb,65,150802950.99824002
163Tb,65,151735728.89276
164Tb,65,152669713.77628002
165Tb,65,153602724.00890002
166Tb,65,154536998.18492
167Tb,65,155470417.97644
168Tb,65,156405013.97996
169Tb,65,157338828.46448
170Tb,65,158274064.88500002
171Tb,65,159208490.30552
172Tb,65,160144153.72604
173Tb,65,161078827.14656
174Tb,65,162014754.56708002
138Dy,66,128477568.096
139Dy,66,129406264.51652001
140Dy,66,130332678.93704
141Dy,66,131261557.35756001
142Dy,66,132188267.77808
143Dy,66,133117762.6625
144Dy,66,134044855.63032
145Dy,66,134974677.22164002
146Dy,66,135901858.99136
147Dy,66,136831711.98468003
148Dy,66,137759542.7372
149Dy,66,138691202.23892
150Dy,66,139621080.71723998
151Dy,66,140553132.04885998
152Dy,66,141483260.58408
153Dy,66,142415729.43960002
154Dy,66,143345972.72732002
155Dy,66,144278704.90984002
156Dy,66,145208825.55576
157Dy,66,146141424.37998
158Dy,66,147071935.998
159Dy,66,148004670.03912
160Dy,66,148935658.93144
161Dy,66,149868769.97066
162Dy,66,150800138.39748
163Dy,66,151733432.81700003
164Dy,66,152665340.11392
165Dy,66,153599189.58054
166Dy,66,154531711.50676
167Dy,66,155465878.63168
168Dy,66,156398725.7892
169Dy,66,157333182.26672003
170Dy,66,158266481.55264002
171Dy,66,159201724.97316003
172Dy,66,160135464.39368
173Dy,66,161070959.8142
174Dy,66,162005109.23472
175Dy,66,162941038.65524
176Dy,66,163875610.07576
140Ho,67,130345665.60468
141Ho,67,131272108.02520001
142Ho,67,132200606.44572002
143Ho,67,133127344.86624
144Ho,67,134056305.21796
145Ho,67,134983288.72328
146Ho,67,135912664.7082
147Ho,67,136839639.94762
148Ho,67,137768899.97324002
149Ho,67,138696739.39436
150Ho,67,139627933.46488002
151Ho,67,140557750.6987
152Ho,67,141489262.91732
153Ho,67,142419349.57984
154Ho,67,143351216.38696003
155Ho,67,144281310.05998
156Ho,67,145213305.565
157Ho,67,146143505.19742
158Ho,67,147075644.77184
159Ho,67,148005996.64516
160Ho,67,148938437.95108
161Ho,67,149869118.1782
162Ho,67,150801768.01492003
163Ho,67,151732924.65564
164Ho,67,152665816.25956002
165Ho,67,153597392.86618
166Ho,67,154530714.6504
167Ho,67,155462999.63432
168Ho,67,156396713.95444
169Ho,67,157329471.28796002
170Ho,67,158263523.88628003
171Ho,67,159196737.6817
172Ho,67,160131247.06132
173Ho,67,161064822.48184
174Ho,67,161999813.90236002
175Ho,67,162933970.32288
176Ho,67,163869388.7434
177Ho,67,164803966.16392002
178Ho,67,165739645.58444002
142Er,68,132209537.11336
143Er,68,133137777.53388
144Er,68,134063809.9544
145Er,68,134992664.37492
146Er,68,135919069.94124
147Er,68,136848278.24396002
148Er,68,137774901.16128
149Er,68,138704132.6428
150Er,68,139631537.04751998
151Er,68,140562596.18074
152Er,68,141491856.34656
153Er,68,142423383.98288003
154Er,68,143352739.807
155Er,68,144284629.69812003
156Er,68,145214121.29024002
157Er,68,146146413.43626
158Er,68,147076017.37568
159Er,68,148008254.1644
160Er,68,148938245.21072
161Er,68,149870602.19244
162Er,68,150800963.38796002
163Er,68,151733624.27538002
164Er,68,152664343.2324
165Er,68,153597258.54332
166Er,68,154528349.85444
167Er,68,155461478.84796
168Er,68,156393272.97728002
169Er,68,157326835.14920002
170Er,68,158259142.89492002
171Er,68,159193026.70004004
172Er,68,160125756.03456
173Er,68,161060069.14948002
174Er,68,161993300.57
175Er,68,162928126.99052
176Er,68,163861583.41104
177Er,68,164796831.83156002
178Er,68,165730876.25208002
179Er,68,166666559.67260003
180Er,68,167601029.09312
144Tm,69,134077780.62204
145Tm,69,135003841.04256
146Tm,69,135931867.46308002
147Tm,69,136858400.667
148Tm,69,137787104.14132
149Tm,69,138713411.72464
150Tm,69,139642423.14516002
151Tm,69,140569579.86808
152Tm,69,141500125.30380002
153Tm,69,142429367.07042003
154Tm,69,143360406.64124003
155Tm,69,144289701.96776
156Tm,69,145220987.56908
157Tm,69,146150606.8143
158Tm,69,147082107.00412002
159Tm,69,148011733.90074
160Tm,69,148943497.36636
161Tm,69,149873393.78428
162Tm,69,150805309.12980002
163Tm,69,151735552.29572
164Tm,69,152667865.87484002
165Tm,69,153598338.88446
166Tm,69,154530876.54728
167Tm,69,155461713.9998
168Tm,69,156394438.84572
169Tm,69,157325970.67124
170Tm,69,158258944.10756
171Tm,69,159191023.25598
172Tm,69,160124354.0842
173Tm,69,161056965.66622
174Tm,69,161990851.32084003
175Tm,69,162923899.38066
176Tm,69,163858332.71228
177Tm,69,164791644.49920002
178Tm,69,165726378.91972002
179Tm,69,166660254.34024
180Tm,69,167595595.76076
181Tm,69,168529712.18128002
182Tm,69,169465130.60180002
148Yb,70,137795060.97176
149Yb,70,138723591.39228
150Yb,70,139649529.8128
151Yb,70,140578298.13772
152Yb,70,141505064.21464
153Yb,70,142435610.07436
154Yb,70,143364390.70408
155Yb,70,144295314.2884
156Yb,70,145224045.46672
157Yb,70,146155385.20574
158Yb,70,147084289.59276
159Yb,70,148015959.79228
160Yb,70,148945124.194
161Yb,70,149876947.27642003
162Yb,70,150806454.46444
163Yb,70,151738475.85486
164Yb,70,152668251.65648
165Yb,70,153600462.53710002
166Yb,70,154530658.33052
167Yb,70,155463156.22764
168Yb,70,156393660.36616
169Yb,70,157326358.82128
170Yb,70,158257464.5062
171Yb,70,159190415.71912
172Yb,70,160121961.19024
173Yb,70,161055159.50996003
174Yb,70,161987260.33587998
175Yb,70,162921003.3983
176Yb,70,163853701.73352
177Yb,70,164787700.75114003
178Yb,70,165720504.11655998
179Yb,70,166655023.00788
180Yb,70,167588362.4284
181Yb,70,168523531.84892002
182Yb,70,169457285.26944
183Yb,70,170392709.68996
184Yb,70,171326520.11048
185Yb,70,172262204.53100002
150Lu,71,139663086.48044002
151Lu,71,140589047.90096
152Lu,71,141517365.32148
153Lu,71,142443942.2474
154Lu,71,143374176.16252
155Lu,71,144302760.86354
156Lu,71,145233100.47236001
157Lu,71,146161854.31448
158Lu,71,147092576.0216
159Lu,71,148021573.72202
160Lu,71,148952506.49364
161Lu,71,149881708.18806
162Lu,71,150812932.87148
163Lu,71,151742467.3248
164Lu,71,152674110.46252
165Lu,71,153603804.69824
166Lu,71,154535720.05916002
167Lu,71,155465708.87188
168Lu,71,156397656.41300002
169Lu,71,157328140.83262
170Lu,71,158260411.22884
171Lu,71,159191383.09226
172Lu,71,160123969.58708
173Lu,71,161055318.75480002
174Lu,71,161988123.57692003
175Lu,71,162920022.28344
176Lu,71,163853299.73556
177Lu,71,164785792.27297997
178Lu,71,165719332.3938
179Lu,71,166652105.35792
180Lu,71,167585982.00404
181Lu,71,168519355.16846
182Lu,71,169453807.93708003
183Lu,71,170387424.6701
184Lu,71,171322282.77812
185Lu,71,172256101.19864
186Lu,71,173191245.61916
187Lu,71,174125306.03968
188Lu,71,175060708.4602
153Hf,72,142454443.40964
154Hf,72,143380582.83016002
155Hf,72,144310525.25068003
156Hf,72,145238469.52560002
157Hf,72,146168931.09172
158Hf,72,147097174.84104
159Hf,72,148027918.73376
160Hf,72,148956326.69728002
161Hf,72,149887443.72930002
162Hf,72,150816085.22412002
163Hf,72,151747478.44124004
164Hf,72,152676423.50656
165Hf,72,153608100.44388002
166Hf,72,154537371.0688
167Hf,72,155469256.40192
168Hf,72,156398857.71264002
169Hf,72,157330995.47006002
170Hf,72,158260952.60448003
171Hf,72,159193269.23130003
172Hf,72,160123792.44872
173Hf,72,161056276.98284003
174Hf,72,161987338.30716
175Hf,72,162920195.22358
176Hf,72,163851594.6512
177Hf,72,164784784.44162002
178Hf,72,165716723.92624003
179Hf,72,166650190.35856003
180Hf,72,167582368.02168
181Hf,72,168516238.6412
182Hf,72,169449086.07051998
183Hf,72,170383346.26074
184Hf,72,171316624.45056
185Hf,72,172251298.21278003
186Hf,72,173184687.8916
187Hf,72,174119524.70732003
188Hf,72,175053211.12784
189Hf,72,175988431.54836002
190Hf,72,176922359.96888
155Ta,73,144320236.91832
156Ta,73,145249760.33884
157Ta,73,146177676.21376002
158Ta,73,147107617.17988002
159Ta,73,148035821.1982
160Ta,73,148965930.75692
161Ta,73,149894469.99144
162Ta,73,150824961.26356
163Ta,73,151753702.13098
164Ta,73,152684448.0638
165Ta,73,153613377.09802002
166Ta,73,154544621.29164
167Ta,73,155473862.11076
168Ta,73,156405313.36348
169Ta,73,157334910.9543
170Ta,73,158266557.82112
171Ta,73,159196469.31724
172Ta,73,160128353.70396
173Ta,73,161058781.24268
174Ta,73,161990931.12100002
175Ta,73,162921757.34872
176Ta,73,163854294.72364002
177Ta,73,164785439.45446
178Ta,73,165718001.59028
179Ta,73,166649784.9557
180Ta,73,167582702.87932003
181Ta,73,168514691.54684
182Ta,73,169448194.02996004
183Ta,73,170380825.27288002
184Ta,73,171314773.46940002
185Ta,73,172247712.65642
186Ta,73,173181993.51424
187Ta,73,174115199.67486
188Ta,73,175049661.79548
189Ta,73,175983169.21600002
190Ta,73,176917836.63652003
191Ta,73,177851581.05704
192Ta,73,178786499.47756
193Ta,73,179720293.89808
194Ta,73,180655468.3186
157W,74,146187068.42700002
158W,74,147114539.84752
159W,74,148044342.26804
160W,74,148971914.40056002
161W,74,149902265.10908002
162W,74,150830232.46280003
163W,74,151760817.34922004
164W,74,152688984.32464
165W,74,153619852.67516002
166W,74,154548320.62508
167W,74,155479608.98070002
168W,74,156408303.35912
169W,74,157339772.53434002
170W,74,158268893.69976002
171W,74,159200592.51248002
172W,74,160130075.5144
173W,74,161061939.42522
174W,74,161991933.82304
175W,74,162924022.22136
176W,74,163854507.51128
177W,74,164786941.48310003
178W,74,165717730.26272002
179W,74,166650336.18254003
180W,74,167581489.28696
181W,74,168514385.67808002
182W,74,169445867.5928
183W,74,170379242.17832
184W,74,171311396.48424003
185W,74,172245208.16606003
186W,74,173177581.53848
187W,74,174111680.20100003
188W,74,175044410.46152002
189W,74,175978851.88364002
190W,74,176911697.71516
191W,74,177846384.46778
192W,74,178779446.1452
193W,74,179714368.56572002
194W,74,180647578.98624003
195W,74,181582755.40676004
196W,74,182516203.82728
197W,74,183451640.24780002
159Re,75,148054496.93568
160Re,75,148983867.3562
161Re,75,149911383.77552
162Re,75,150841222.19724
163Re,75,151769212.54126
164Re,75,152699236.46108
165Re,75,153627543.6423
166Re,75,154557859.77212003
167Re,75,155486282.29984
168Re,75,156416890.42596
169Re,75,157345770.16617998
170Re,75,158276769.5214
171Re,75,159205917.34182
172Re,75,160137094.89044002
173Re,75,161066601.94656003
174Re,75,161997976.81788003
175Re,75,162927855.724
176Re,75,163859575.24132
177Re,75,164789863.05174
178Re,75,165721972.87276
179Re,75,166652536.12468
180Re,75,167584777.17060003
181Re,75,168515591.23172003
182Re,75,169448156.60284004
183Re,75,170379287.17986
184Re,75,171312371.13588002
185Re,75,172244266.0007
186Re,75,173177651.82792
187Re,75,174109856.70494002
188Re,75,175043550.48796
189Re,75,175976082.36678
190Re,75,176909972.55080003
191Re,75,177842699.26152
192Re,75,178776954.94404
193Re,75,179709806.23795998
194Re,75,180644345.65388
195Re,75,181577562.0744
196Re,75,182512166.49492002
197Re,75,183445618.91544002
198Re,75,184380475.33596003
199Re,75,185314368.75648
161Os,76,149921574.44436002
162Os,76,150848676.86488
163Os,76,151778329.2854
164Os,76,152705773.19392
165Os,76,153635906.12644
166Os,76,154563754.58835998
167Os,76,155494181.36558
168Os,76,156422179.3336
169Os,76,157352945.44072002
170Os,76,158281236.84304
171Os,76,159212359.39966
172Os,76,160140907.10287997
173Os,76,161072206.59129998
174Os,76,162001143.55792
175Os,76,162932527.68664
176Os,76,163861995.96656
177Os,76,164793664.80598003
178Os,76,165723571.1148
179Os,76,166655589.30612
180Os,76,167585747.35623997
181Os,76,168518047.69446
182Os,76,169448482.65188
183Os,76,170380922.1037
184Os,76,171311827.40112
185Os,76,172244768.16734
186Os,76,173176068.13096
187Os,76,174109343.25608
188Os,76,175040919.06559998
189Os,76,175974563.67082
190Os,76,176906336.74644
191Os,76,177840143.43826002
192Os,76,178772150.48848
193Os,76,179706132.48220003
194Os,76,180638585.82072
195Os,76,181573003.48654002
196Os,76,182505732.06296
197Os,76,183440385.58308
198Os,76,184373440.0036
199Os,76,185308299.42412
200Os,76,186241390.84464002
201Os,76,187176707.26516002
202Os,76,188110443.68568
203Os,76,189047245.1062
163Ir,77,151788934.95304
164Ir,77,152718142.37356
165Ir,77,153645667.79408002
166Ir,77,154575299.21460003
167Ir,77,155503096.79332
168Ir,77,156432997.10444
169Ir,77,157361064.02256
170Ir,77,158291524.89668
171Ir,77,159219733.61270002
172Ir,77,160150260.38132
173Ir,77,161078865.39424002
174Ir,77,162009842.01896003
175Ir,77,162938727.53928
176Ir,77,163869734.2326
177Ir,77,164799062.83472
178Ir,77,165730350.04684
179Ir,77,166660016.74216
180Ir,77,167591615.03588
181Ir,77,168521623.64220002
182Ir,77,169453529.08932003
183Ir,77,170383872.74264002
184Ir,77,171315958.13116002
185Ir,77,172246727.52348
186Ir,77,173179384.8272
187Ir,77,174110501.90512002
188Ir,77,175043200.44044003
189Ir,77,175974589.84196
190Ir,77,176907779.98408002
191Ir,77,177839318.8772
192Ir,77,178772686.16732
193Ir,77,179704479.59083998
194Ir,77,180637978.22016
195Ir,77,181570311.78968
196Ir,77,182504062.685
197Ir,77,183436728.19162002
198Ir,77,184370760.67124003
199Ir,77,185303581.97836
200Ir,77,186237897.51228002
201Ir,77,187171192.9328
202Ir,77,188105918.35332
203Ir,77,189039658.77384
204Ir,77,189975867.19436002
205Ir,77,190911299.61488003
165Pt,78,153656419.46172
166Pt,78,154583301.88224
167Pt,78,155512963.30276
168Pt,78,156440142.27768
169Pt,78,157370180.14380002
170Pt,78,158297841.35931998
171Pt,78,159228168.09414
172Pt,78,160156022.09335998
173Pt,78,161086686.11708
174Pt,78,162014799.3582
175Pt,78,162945902.38692
176Pt,78,163874171.24904
177Pt,78,164805228.84876
178Pt,78,165734095.89448
179Pt,78,166665319.36290002
180Pt,78,167594651.71152
181Pt,78,168526194.18493998
182Pt,78,169455901.36436
183Pt,78,170387790.70128
184Pt,78,171317725.51000002
185Pt,78,172249863.96062002
186Pt,78,173180181.74424
187Pt,78,174112854.94186002
188Pt,78,175043213.42608
189Pt,78,175976059.10369998
190Pt,78,176906716.09572
191Pt,78,177839818.36634
192Pt,78,178770722.29416
193Pt,78,179704025.24878
194Pt,78,180635238.9088
195Pt,78,181568699.24232
196Pt,78,182500342.67663997
197Pt,78,183434061.55256
198Pt,78,184366071.40128002
199Pt,78,185300080.8405
200Pt,78,186232364.45992002
201Pt,78,187166717.02674
202Pt,78,188099259.71916
203Pt,78,189033899.44148
204Pt,78,189967229.862
205Pt,78,190903651.28252
206Pt,78,191838676.70304
207Pt,78,192775183.12356
208Pt,78,193710487.54408002
168Au,79,156453233.39092
169Au,79,157380378.81144
170Au,79,158309848.23196
171Au,79,159237561.37258
172Au,79,160167299.7766
173Au,79,161095279.87312
174Au,79,162025531.91404003
175Au,79,162953696.40206
176Au,79,163884073.22388002
177Au,79,164812542.5485
178Au,79,165743279.35732
179Au,79,166672087.92204002
180Au,79,167602944.94516
181Au,79,168532193.55978003
182Au,79,169463254.83380002
183Au,79,170392861.41352
184Au,79,171324228.29444
185Au,79,172254182.95476
186Au,79,173185820.35288
187Au,79,174116000.54070002
188Au,79,175048152.10572
189Au,79,175978435.56544003
190Au,79,176910678.08736002
191Au,79,177841207.81998
192Au,79,178773727.6498
193Au,79,179704589.09752
194Au,79,180637276.09084
195Au,79,181568415.07396
196Au,79,182501337.52668002
197Au,79,183432830.59040004
198Au,79,184365883.64152002
199Au,79,185297864.78494
200Au,79,186231212.54756
201Au,79,187163546.05288
202Au,79,188097087.8686
203Au,79,189029791.51412
204Au,79,189964100.52964002
205Au,79,190897437.95016003
206Au,79,191833263.37068003
207Au,79,192768300.7912
208Au,79,193704410.21172
209Au,79,194639725.63224
210Au,79,195576125.05276
170Hg,80,158318584.8996
171Hg,80,159247914.32012
172Hg,80,160175045.43984
173Hg,80,161104926.16116
174Hg,80,162032453.97428
175Hg,80,162962619.6572
176Hg,80,163890298.55872002
177Hg,80,164820801.48134002
178Hg,80,165748756.05916
179Hg,80,166679632.58938
180Hg,80,167607809.1068
181Hg,80,168538892.59012
182Hg,80,169467470.93264002
183Hg,80,170398737.27086002
184Hg,80,171327691.23328
185Hg,80,172259346.47390002
186Hg,80,173188485.17492
187Hg,80,174120399.82494
188Hg,80,175049814.07696
189Hg,80,175981880.16068
190Hg,80,176911630.004
191Hg,80,177843902.89232
192Hg,80,178773977.36384
193Hg,80,179706420.78256002
194Hg,80,180636793.09648
195Hg,80,181569457.8026
196Hg,80,182500139.31311998
197Hg,80,183432919.13424
198Hg,80,184363999.14056
199Hg,80,185296901.49408
200Hg,80,186228438.3952
201Hg,80,187161773.23502004
202Hg,80,188093584.55524
203Hg,80,189027154.76836002
204Hg,80,189959227.91527998
205Hg,80,190893124.4553
206Hg,80,191825960.54452
207Hg,80,192761912.94044
208Hg,80,193696629.06816003
209Hg,80,194632789.29988
210Hg,80,195567481.7204
211Hg,80,196503890.14091998
212Hg,80,197438858.56144
213Hg,80,198375560.98196
214Hg,80,199310597.40248
215Hg,80,200247383.823
216Hg,80,201182704.24352002
176Tl,81,163902156.94956002
177Tl,81,164829726.21738
178Tl,81,165759986.9314
179Tl,81,166687784.89012
180Tl,81,167618158.19244
181Tl,81,168546243.98066002
182Tl,81,169477209.62128004
183Tl,81,170405443.6737
184Tl,81,171336641.67772
185Tl,81,172265261.38904
186Tl,81,173196630.30096
187Tl,81,174125562.76108
188Tl,81,175057165.041
189Tl,81,175986379.45152003
190Tl,81,176918123.42264003
191Tl,81,177847700.79866
192Tl,81,178779605.61228
193Tl,81,179709494.7507
194Tl,81,180641528.56632
195Tl,81,181571804.86674002
196Tl,81,182503957.66076002
197Tl,81,183434594.13878003
198Tl,81,184366913.72400004
199Tl,81,185297877.17962
200Tl,81,186230383.44284
201Tl,81,187161743.99166
202Tl,81,188094438.46268
203Tl,81,189026151.6854
204Tl,81,189959061.00972003
205Tl,81,190891080.39244002
206Tl,81,191824141.99456003
207Tl,81,192756854.96118
208Tl,81,193692633.379
209Tl,81,194627232.80642
210Tl,81,195563124.69804
211Tl,81,196497787.80206
212Tl,81,197433749.22908002
213Tl,81,198368637.82530004
214Tl,81,199304810.07012
215Tl,81,200239855.49064
216Tl,81,201176226.91116
217Tl,81,202111555.33168
218Tl,81,203048005.7522
178Pb,82,165767622.80884
179Pb,82,166697595.14256
180Pb,82,167625096.56607997
181Pb,82,168555421.1182
182Pb,82,169483201.29392
183Pb,82,170413939.94464
184Pb,82,171341962.46456003
185Pb,82,172272966.93768004
186Pb,82,173201321.3512
187Pb,82,174132509.39672002
188Pb,82,175061179.43743998
189Pb,82,175992640.54365999
190Pb,82,176921562.05928
191Pb,82,177853181.52960002
192Pb,82,178782415.03192002
193Pb,82,179714231.72264004
194Pb,82,180643747.21596
195Pb,82,181575711.13138002
196Pb,82,182505595.038
197Pb,82,183437691.99552
198Pb,82,184367864.04844
199Pb,82,185300193.84656
200Pb,82,186230668.83048
201Pb,82,187163142.75280002
202Pb,82,188093967.29052
203Pb,82,189026615.52104002
204Pb,82,189957786.28215998
205Pb,82,190890620.03658
206Pb,82,191822098.8016
207Pb,82,192754926.44932002
208Pb,82,193687123.99064
209Pb,82,194622752.03596002
210Pb,82,195557132.27968
211Pb,82,196492861.80929998
212Pb,82,197427299.99311998
213Pb,82,198363139.42564
214Pb,82,199297654.10076
215Pb,82,200233673.46678
216Pb,82,201168237.57880002
217Pb,82,202104619.99932
218Pb,82,203039518.41984
219Pb,82,203975977.84036
220Pb,82,204910939.26088
184Bi,83,171353682.78980002
185Bi,83,172281836.21032
186Bi,83,173212345.77584
187Bi,83,174140602.09926
188Bi,83,175071284.67668003
189Bi,83,175999908.91130003
190Bi,83,176930871.77192003
191Bi,83,177859722.42514002
192Bi,83,178790921.34116003
193Bi,83,179720065.41708
194Bi,83,180651421.06800002
195Bi,83,181580912.62502003
196Bi,83,182512423.25964
197Bi,83,183442239.20096004
198Bi,83,184374046.64168003
199Bi,83,185304116.9808
200Bi,83,186236038.13812003
201Bi,83,187166473.80734
202Bi,83,188098646.04776
203Bi,83,189029366.11108002
204Bi,83,189961739.19740003
205Bi,83,190892813.65172002
206Bi,83,191825345.11184004
207Bi,83,192756812.86466002
208Bi,83,193689491.37508002
209Bi,83,194621597.0407
210Bi,83,195556557.81932
211Bi,83,196490984.72434002
212Bi,83,197426219.99636003
213Bi,83,198360600.36278003
214Bi,83,199296125.3684
215Bi,83,200230449.52042
216Bi,83,201166188.33284
217Bi,83,202100538.41226
218Bi,83,203036518.58348
219Bi,83,203971180.50800002
220Bi,83,204907225.92852002
221Bi,83,205841983.34904003
222Bi,83,206778320.76956
223Bi,83,207712914.19008002
224Bi,83,208649323.6106
186Po,84,173219081.82168
187Po,84,174149298.1947
188Po,84,175077424.11231998
189Po,84,176008040.59314
190Po,84,176936393.98656002
191Po,84,177867382.06498
192Po,84,178795878.41520002
193Po,84,179727113.69912001
194Po,84,180655928.49084002
195Po,84,181587310.56066
196Po,84,182516452.58168
197Po,84,183448022.345
198Po,84,184377436.24692002
199Po,84,185309164.78344002
200Po,84,186238956.04576004
201Po,84,187170870.66438
202Po,84,188100944.3562
203Po,84,189033069.21772
204Po,84,189963533.07863998
205Po,84,190895846.84436
206Po,84,191826673.66508
207Po,84,192759210.73560002
208Po,84,193690381.33552003
209Po,84,194622978.63664004
210Po,84,195554885.68896002
211Po,84,196489900.34528002
212Po,84,197423457.54639998
213Po,84,198358667.54052
214Po,84,199292345.18484002
215Po,84,200227767.48156002
216Po,84,201161585.68608004
217Po,84,202097180.9108
218Po,84,203031148.21512002
219Po,84,203966967.02964
220Po,84,204901043.22816
221Po,84,205837047.62728
222Po,84,206771254.2384
223Po,84,207707383.85772002
224Po,84,208641758.27824003
225Po,84,209577729.69876
226Po,84,210512381.11928
227Po,84,211448418.53980002
191At,85,177875803.71842
192At,85,178806359.65564
193At,85,179734860.69906
194At,85,180665705.63268
195At,85,181594445.9278
196At,85,182525497.15172002
197At,85,183454549.16404003
198At,85,184385689.78156003
199At,85,185315069.26118
200At,85,186246398.8334
201At,85,187176091.40032
202At,85,188107779.82704002
203At,85,189037706.42886
204At,85,189969487.88668004
205At,85,190899872.72900003
206At,85,191831911.95412004
207At,85,192762617.97994003
208At,85,193694869.65436003
209At,85,194625949.88658
210At,85,195558355.6606
211At,85,196490174.67962003
212At,85,197424687.81964
213At,85,198358230.55336004
214At,85,199292925.01588002
215At,85,200226541.6807
216At,85,201161549.06331998
217At,85,202095181.06984
218At,85,203030380.80776
219At,85,203964170.70028
220At,85,204899644.5378
221At,85,205833545.62092003
222At,85,206769210.01324
223At,85,207703179.10426003
224At,85,208638956.21627998
225At,85,209573061.3664
226At,85,210508827.78692
227At,85,211443266.20744002
228At,85,212379094.62796003
229At,85,213313583.04848
193Rn,86,179743459.94840002
194Rn,86,180671635.75452
195Rn,86,181602455.51894
196Rn,86,182530874.50296
197Rn,86,183461903.81648
198Rn,86,184390657.229
199Rn,86,185321821.79732
200Rn,86,186250875.30104002
201Rn,86,187182262.44416004
202Rn,86,188111589.39848
203Rn,86,189043174.0115
204Rn,86,189972882.04591998
205Rn,86,190904636.49064
206Rn,86,191834707.45396
207Rn,86,192766699.73378003
208Rn,86,193697173.18280002
209Rn,86,194629381.62622002
210Rn,86,195560212.01324
211Rn,86,196492555.55356002
212Rn,86,197424145.75168
213Rn,86,198358603.1366
214Rn,86,199291473.51612002
215Rn,86,200226118.30284002
216Rn,86,201159034.70456
217Rn,86,202093934.06698
218Rn,86,203026987.0018
219Rn,86,203962093.04132
220Rn,86,204895369.78744
221Rn,86,205830723.25586
222Rn,86,206764117.97228003
223Rn,86,207699629.837
224Rn,86,208633179.29992002
225Rn,86,209568762.46154
226Rn,86,210502469.61376002
227Rn,86,211438102.34348
228Rn,86,212371954.076
229Rn,86,213307567.11782
230Rn,86,214241970.13664
231Rn,86,215177636.55716002
197Fr,87,183470136.41912
198Fr,87,184400954.26224002
199Fr,87,185329642.04806
200Fr,87,186260498.34868
201Fr,87,187189447.4325
202Fr,87,188120454.50472
203Fr,87,189049723.48264003
204Fr,87,189980948.47836003
205Fr,87,190910525.45628
206Fr,87,191842082.5192
207Fr,87,192771974.47002
208Fr,87,193703652.66483998
209Fr,87,194634029.53686
210Fr,87,195565962.29088002
211Fr,87,196496659.58010003
212Fr,87,197428777.98892003
213Fr,87,198360233.88954002
214Fr,87,199294323.86576
215Fr,87,200227094.44597998
216Fr,87,201161241.4362
217Fr,87,202094079.16252
218Fr,87,203028318.04064
219Fr,87,203961369.65646002
220Fr,87,204895729.13908
221Fr,87,205829018.1784
222Fr,87,206763613.11731997
223Fr,87,207697111.45413998
224Fr,87,208631971.84916
225Fr,87,209565537.93168
226Fr,87,210500731.9654
227Fr,87,211434387.96532002
228Fr,87,212369583.85404
229Fr,87,213303361.98176
230Fr,87,214238674.60828
231Fr,87,215172762.5169
232Fr,87,216108248.88612
233Fr,87,217042590.19244
201Ra,88,187197284.70604002
202Ra,88,188125916.88056
203Ra,88,189056937.41338003
204Ra,88,189985891.2832
205Ra,88,190917128.14992002
206Ra,88,191846384.00264
207Ra,88,192777826.48786002
208Ra,88,193707534.53888002
209Ra,88,194639158.94170004
210Ra,88,195569237.63452002
211Ra,88,196501120.76634002
212Ra,88,197431584.24896
213Ra,88,198363622.65928
214Ra,88,199294863.95700002
215Ra,88,200228797.31062
216Ra,88,201161050.89184004
217Ra,88,202095143.05776
218Ra,88,203027393.17188
219Ra,88,203961635.5822
220Ra,88,204894007.92872
221Ra,88,205828193.80804
222Ra,88,206761044.23956
223Ra,88,207695451.37598002
224Ra,88,208628538.0624
225Ra,88,209563199.38432
226Ra,88,210496368.01624
227Ra,88,211431372.02076
228Ra,88,212364628.84168
229Ra,88,213299744.7116
230Ra,88,214233193.15992
231Ra,88,215168387.43664002
232Ra,88,216102162.01616
233Ra,88,217037493.22828
234Ra,88,217971583.88140002
235Ra,88,218907225.57452002
205Ac,89,190924919.98706
206Ac,89,191855792.16428
207Ac,89,192784947.7469
208Ac,89,193716056.47692
209Ac,89,194645634.59914
210Ac,89,195577047.90716
211Ac,89,196506921.40168002
212Ac,89,197438571.61540002
213Ac,89,198368907.15032
214Ac,89,199300693.50764
215Ac,89,200231784.88626
216Ac,89,201165398.16188
217Ac,89,202097444.8512
218Ac,89,203031087.48332
219Ac,89,203963300.30474
220Ac,89,204896968.60435998
221Ac,89,205829249.99298
222Ac,89,206762834.84239998
223Ac,89,207695532.21422
224Ac,89,208629435.40524
225Ac,89,209562332.65196002
226Ac,89,210496498.66468
227Ac,89,211429533.0712
228Ac,89,212364072.31412
229Ac,89,213297361.70564002
230Ac,89,214232004.24756
231Ac,89,215165422.81928
232Ac,89,216100308.4966
233Ac,89,217033956.22242
234Ac,89,217968983.47184002
235Ac,89,218902993.54366
236Ac,89,219838351.47988003
237Ac,89,220772548.08319998
208Th,90,193721472.66296002
209Th,90,194652668.97628003
210Th,90,195581832.3528
211Th,90,196513143.34072003
212Th,90,197442871.92424
213Th,90,198374375.24736
214Th,90,199304444.17668
215Th,90,200236164.7804
216Th,90,201167035.99272004
217Th,90,202100437.33394003
218Th,90,203032092.39416
219Th,90,203965682.53698
220Th,90,204897403.394
221Th,90,205831147.87852
222Th,90,206762905.10064
223Th,90,207696581.56376
224Th,90,208628685.85528004
225Th,90,209562494.5521
226Th,90,210494876.11812
227Th,90,211428977.32994
228Th,90,212361437.56656
229Th,90,213295746.30768
230Th,90,214228517.4052
231Th,90,215162964.78492004
232Th,90,216096089.80664003
233Th,90,217030868.83666003
234Th,90,217964244.25548
235Th,90,218899143.1528
236Th,90,219832874.69352
237Th,90,220768068.68874002
238Th,90,221702080.17136002
239Th,90,222637675.59188002
211Pa,91,196520808.18216002
212Pa,91,197451846.57868004
213Pa,91,198381398.3509
214Pa,91,199312698.15472
215Pa,91,200242536.90754
216Pa,91,201174050.25796
217Pa,91,202104775.30348
218Pa,91,203037864.24560001
219Pa,91,203969292.00142002
220Pa,91,204902481.26164
221Pa,91,205834071.91126
222Pa,91,206767255.43008
223Pa,91,207699022.79009998
224Pa,91,208632041.64292
225Pa,91,209564030.03224
226Pa,91,210497201.09096003
227Pa,91,211429491.96178
228Pa,91,212363079.301
229Pa,91,213295546.63352
230Pa,91,214229317.44083998
231Pa,91,215162062.32766
232Pa,91,216096078.64548
233Pa,91,217029115.6089
234Pa,91,217963459.17112002
235Pa,91,218896903.31094
236Pa,91,219831442.47516
237Pa,91,220765130.24458
238Pa,91,221699990.75280002
239Pa,91,222633992.25952
240Pa,91,223569127.68004
241Pa,91,224503325.10056
215U,92,200249110.68318003
216U,92,201178781.90000004
217U,92,202110131.67572004
218U,92,203040598.33244002
219U,92,203973493.72946003
220U,92,204904605.93728
221U,92,205837705.99490002
222U,92,206768952.92612
223U,92,207702219.47354
224U,92,208633410.99856004
225U,92,209566534.40738
226U,92,210497985.3088
227U,92,211431195.64232
228U,92,212362864.70504
229U,92,213296349.42976
230U,92,214228247.92148003
231U,92,215161932.95810002
232U,92,216094230.55472004
233U,92,217028034.32984
234U,92,217960754.28056002
235U,92,218895022.19658002
236U,92,219828042.1112
237U,92,220762481.76992002
238U,92,221695893.47104
239U,92,222630652.51356003
240U,92,223564289.42768002
241U,92,224499380.7682
242U,92,225433101.18872002
243U,92,226368536.60924003
219Np,93,203979123.75360003
220Np,93,204911655.92892003
221Np,93,205842531.02544
222Np,93,206775443.75735998
223Np,93,207706321.78228
224Np,93,208639189.5702
225Np,93,209570269.51002002
226Np,93,210502962.39164
227Np,93,211434218.64686003
228Np,93,212366923.96908
229Np,93,213298429.1987
230Np,93,214231358.53711998
231Np,93,215163239.71554
232Np,93,216096393.65116
233Np,93,217028552.75888002
234Np,93,217962053.1534
235Np,93,218894635.49422002
236Np,93,219828464.64044005
237Np,93,220761452.24225998
238Np,93,221695529.33828
239Np,93,222628879.8428
240Np,93,223563379.18332002
241Np,93,224496872.16924
242Np,93,225431468.03996003
243Np,93,226365299.27688003
244Np,93,227300266.69740003
245Np,93,228234278.11791998
221Pu,94,205848088.69308
222Pu,94,206778746.11360002
223Pu,94,207711175.53412002
224Pu,94,208641816.95464003
225Pu,94,209574471.37516
226Pu,94,210505323.79568002
227Pu,94,211437982.2162
228Pu,94,212368730.54752
229Pu,94,213301511.75864002
230Pu,94,214232543.10976002
231Pu,94,215165413.62388003
232Pu,94,216096960.05400002
233Pu,94,217030145.08492002
234Pu,94,217961937.33244002
235Pu,94,218895263.80386
236Pu,94,219827477.06968
237Pu,94,220761161.3251
238Pu,94,221693726.90012002
239Pu,94,222627646.09314004
240Pu,94,223560677.29096004
241Pu,94,224495001.18398005
242Pu,94,225428257.0512
243Pu,94,226362788.83042
244Pu,94,227296334.40744
245Pu,94,228231200.64656
246Pu,94,229164911.34148002
247Pu,94,230100314.62660003
223Am,95,207717241.20176
224Am,95,208649483.62228
225Am,95,209579928.0428
226Am,95,210512166.46332002
227Am,95,211442817.88384002
228Am,95,212375053.30436
229Am,95,213305786.26358002
230Am,95,214237920.1454
231Am,95,215168999.56592
232Am,95,216101462.98644
233Am,95,217032765.40696
234Am,95,217965465.82748002
235Am,95,218897195.07100004
236Am,95,219830176.66852
237Am,95,220762181.08904
238Am,95,221695474.20816
239Am,95,222627937.23518
240Am,95,223561551.0866
241Am,95,224494469.41162002
242Am,95,225428497.20024002
243Am,95,226361698.28156
244Am,95,227295896.51468
245Am,95,228229411.89970002
246Am,95,229163996.87372002
247Am,95,230097539.29424
248Am,95,231032581.71476
249Am,95,231966652.13528
231Cm,96,215173250.23356003
232Cm,96,216103881.65408003
233Cm,96,217036364.60860002
234Cm,96,217967287.78392002
235Cm,96,218900168.91564
236Cm,96,219831406.41216
237Cm,96,220764294.84498
238Cm,96,221695986.9864
239Cm,96,222629182.84762004
240Cm,96,223561254.21024
241Cm,96,224494725.87796003
242Cm,96,225427321.89128003
243Cm,96,226361194.23750004
244Cm,96,227293958.24152002
245Cm,96,228228005.03434002
246Cm,96,229161111.52776003
247Cm,96,230095521.80728003
248Cm,96,231028875.5656
249Cm,96,231963727.60392
250Cm,96,232897460.59844002
251Cm,96,233832613.09566003
252Cm,96,234766406.06448
233Bk,97,217041362.74224
234Bk,97,217973409.16276002
235Bk,97,218904280.58328003
236Bk,97,219836558.0038
237Bk,97,220767652.42432
238Bk,97,221700166.84484
239Bk,97,222631729.26536
240Bk,97,223564727.68588
241Bk,97,224496529.1064
242Bk,97,225429780.52692002
243Bk,97,226362190.93714002
244Bk,97,227295709.24836004
245Bk,97,228228303.29547998
246Bk,97,229161950.54799998
247Bk,97,230094967.25191998
248Bk,97,231029102.87004
249Bk,97,231962312.26156002
250Bk,97,232896912.04108003
251Bk,97,233830682.12290004
252Bk,97,234765364.73212004
253Bk,97,235699495.15263999
254Bk,97,236634403.57316
237Cf,98,220771963.97606
238Cf,98,221702681.51248002
239Cf,98,222635215.933
240Cf,98,223566496.75352
241Cf,98,224499332.77404
242Cf,98,225430883.21236
243Cf,98,226363935.61508
244Cf,98,227295962.53440002
245Cf,98,228229363.67812002
246Cf,98,229161562.86464
247Cf,98,230095076.13856
248Cf,98,231027698.80568
249Cf,98,231961677.6836
250Cf,98,232894619.38371998
251Cf,98,233829078.12784
252Cf,98,234762471.85496
253Cf,98,235697232.90618002
254Cf,98,236630766.8622
255Cf,98,237565745.66132
256Cf,98,238499409.08184
239Es,99,222640136.60064
240Es,99,223572221.02116
241Es,99,224503341.44168
242Es,99,225435905.86220002
243Es,99,226367259.28272
244Es,99,227300070.70324
245Es,99,228231663.12376
246Es,99,229164780.45888004
247Es,99,230097034.1413
248Es,99,231030136.38532
249Es,99,231962723.80584002
250Es,99,232896065.22636002
251Es,99,233828943.71268
252Es,99,234763220.8818
253Es,99,235696430.84922
254Es,99,236630908.62984002
255Es,99,237564497.82096002
256Es,99,238499139.74948
257Es,99,239432819.17000002
258Es,99,240367542.59052002
241Fm,100,224508314.10931998
242Fm,100,225438968.52984
243Fm,100,226371311.95036
244Fm,100,227302437.37088
245Fm,100,228235269.79140002
246Fm,100,229166641.85512003
247Fm,100,230099717.63244003
248Fm,100,231031336.66816
249Fm,100,231964452.11337999
250Fm,100,232896499.269
251Fm,100,233829879.98822
252Fm,100,234762231.88984
253Fm,100,235696254.94196
254Fm,100,236629306.00168002
255Fm,100,237563698.06660002
256Fm,100,238496876.48431998
257Fm,100,239431475.92824
258Fm,100,240364701.25816
259Fm,100,241299697.67868
260Fm,100,242233156.0992
244Md,101,227308464.03852004
245Md,101,228239856.45904
246Md,101,229171980.87956
247Md,101,230103364.30008
248Md,101,231035981.7206
249Md,101,231967602.93302003
250Md,101,232900315.23664004
251Md,101,233832376.95666003
252Md,101,234765371.41388005
253Md,101,235697610.8232
254Md,101,236631262.24372
255Md,101,237564228.67274
256Md,101,238498345.08476
257Md,101,239431367.28878
258Md,101,240365559.25880003
259Md,101,241298922.34632003
260Md,101,242233422.76684004
261Md,101,243166897.18736
262Md,101,244101429.60788
248No,102,231039152.38824
249No,102,231971791.80876002
250No,102,232902935.22928
251No,102,233835827.6498
252No,102,234767264.67192
253No,102,235700246.10014
254No,102,236632104.82276
255No,102,237565687.55538002
256No,102,238498192.77
257No,102,239432110.88702002
258No,102,240364952.59344
259No,102,241298931.42136002
260No,102,242231869.43448
261No,102,243166386.85500002
262No,102,244099350.27552
263No,102,245033897.69604
264No,102,245967407.11656
251Lr,103,233840307.31744
252Lr,103,234772472.73796
253Lr,103,235703899.90448
254Lr,103,236636516.40660003
255Lr,103,237568311.94102
256Lr,103,238501605.33204
257Lr,103,239434070.84056002
258Lr,103,240367529.26108003
259Lr,103,241300220.6816
260Lr,103,242234216.10212
261Lr,103,243166920.52264002
262Lr,103,244100938.94316003
263Lr,103,245033919.36368
264Lr,103,245968225.7842
265Lr,103,246901488.20472002
266Lr,103,247836354.62524003
253Rf,104,235708404.82612002
254Rf,104,236639574.24664003
255Rf,104,237572265.66716003
256Rf,104,238503569.75327998
257Rf,104,239436708.24609998
258Rf,104,240368680.29812
259Rf,104,241302294.34924
260Rf,104,242234482.76976
261Rf,104,243168136.49648002
262Rf,104,244100693.61080003
263Rf,104,245034467.03132004
264Rf,104,245967460.45183998
265Rf,104,246901519.87236
266Rf,104,247834529.29288
267Rf,104,248769146.7134
268Rf,104,249702710.13392
255Db,105,237576837.3348
256Db,105,238509043.75532
257Db,105,239440485.16394
258Db,105,240373332.67896003
259Db,105,241305310.10348004
260Db,105,242238389.43740004
261Db,105,243170597.85792
262Db,105,244104116.27844
263Db,105,245036329.69896
264Db,105,245970127.11948
265Db,105,246902611.54000002
266Db,105,247836427.96052003
267Db,105,248769188.38104004
268Db,105,249703828.80156004
269Db,105,250637411.22208
270Db,105,251572083.6426
258Sg,106,240376549.264
259Sg,106,241309290.68452
260Sg,106,242240849.67304
261Sg,106,243173801.29456002
262Sg,106,244105659.46288
263Sg,106,245038981.3666
264Sg,106,245970945.78712
265Sg,106,246904498.20764002
266Sg,106,247836996.62816
267Sg,106,248770565.04868
268Sg,106,249703071.46920002
269Sg,106,250637462.88972002
270Sg,106,251570790.31024
271Sg,106,252505480.73076
272Sg,106,253438829.15128002
273Sg,106,254373550.57180002
260Bh,107,242246982.77267998
261Bh,107,243178364.7239
262Bh,107,244111031.54152
263Bh,107,245042685.03424
264Bh,107,245975724.45476002
265Bh,107,246907709.87528002
266Bh,107,247840757.29580003
267Bh,107,248773009.71631998
268Bh,107,249706334.13684
269Bh,107,250638590.55736
270Bh,107,251573006.97788
271Bh,107,252506084.3984
272Bh,107,253440527.81892002
273Bh,107,254373895.23944002
274Bh,107,255308366.65996003
275Bh,107,256242029.08047998
276Bh,107,257176529.501
277Bh,107,258110214.92152
278Bh,107,259045022.34204
263Hs,108,245047440.70188004
264Hs,108,245978819.8056
265Hs,108,246911650.98192
266Hs,108,247843384.51084
267Hs,108,248776522.38396
268Hs,108,249708256.80448002
269Hs,108,250641332.22500002
270Hs,108,251573333.64552003
271Hs,108,252507501.06604004
272Hs,108,253440322.48656
273Hs,108,254374512.90708
274Hs,108,255307621.3276
275Hs,108,256242110.74812
276Hs,108,257175236.16864002
277Hs,108,258110029.58916003
278Hs,108,259043451.00968003
279Hs,108,259978275.43020004
280Hs,108,260911717.85072
265Mt,109,246916783.21056
266Mt,109,247849406.52428
267Mt,109,248781103.0516
268Mt,109,249713931.47212002
269Mt,109,250645418.89264
270Mt,109,251578520.31316
271Mt,109,252510272.73368
272Mt,109,253444197.15420002
273Mt,109,254377041.57472
274Mt,109,255310985.99524
275Mt,109,256243842.41576
276Mt,109,257178082.83628002
277Mt,109,258111229.2568
278Mt,109,259045493.67732
279Mt,109,259978656.09784
280Mt,109,260913224.51836002
281Mt,109,261846684.93888
282Mt,109,262780999.3594
267Ds,110,248786484.71924
268Ds,110,249717730.13976002
269Ds,110,250650539.83838004
270Ds,110,251581880.8628
271Ds,110,252514670.40132
272Ds,110,253446167.82184002
273Ds,110,254379843.24236003
274Ds,110,255312432.66288
275Ds,110,256246399.0834
276Ds,110,257178721.50392002
277Ds,110,258112705.92444003
278Ds,110,259045312.34496
279Ds,110,259979594.76548
280Ds,110,260912491.18600002
281Ds,110,261846796.60652003
282Ds,110,262779988.02704
283Ds,110,263714317.44756
284Ds,110,264647524.86808002
272Rg,111,253452490.48948002
273Rg,111,254384009.91000003
274Rg,111,255317167.33052003
275Rg,111,256249505.75103998
276Rg,111,257182948.17156
277Rg,111,258115567.59208
278Rg,111,259049023.0126
279Rg,111,259981928.43312
280Rg,111,260915397.85364002
281Rg,111,261848594.27416003
282Rg,111,262782360.69468004
283Rg,111,263715571.11519998
284Rg,111,264649639.53572
285Rg,111,265582864.95624
286Rg,111,266517240.37676
276Cn,112,257185518.83920002
277Cn,112,258118983.25972003
278Cn,112,259051065.68024004
279Cn,112,259984541.10076004
280Cn,112,260916904.52128
281Cn,112,261850672.9418
282Cn,112,262783041.36232
283Cn,112,263716824.78284
284Cn,112,264649482.20336002
285Cn,112,265583566.62388003
286Cn,112,266516519.04440004
287Cn,112,267450910.46492004
288Cn,112,268383875.88544
278Nh,113,259056722.34788
279Nh,113,259988548.7684
280Nh,113,260921771.18892002
281Nh,113,261853875.60944
282Nh,113,262787388.02996
283Nh,113,263719776.45048
284Nh,113,264653300.87100002
285Nh,113,265585978.29152
286Nh,113,266519515.71204
287Nh,113,267452487.13256
288Nh,113,268386614.55308002
289Nh,113,269319597.97360003
290Nh,113,270253745.39412
284Fl,114,264654847.53864002
285Fl,114,265588389.95916003
286Fl,114,266520796.37968004
287Fl,114,267454350.8002
288Fl,114,268387049.22072005
289Fl,114,269320905.64124
290Fl,114,270253902.06176
291Fl,114,271188066.48228
287Mc,115,267457649.46784002
288Mc,115,268391227.88836002
289Mc,115,269323658.30888003
290Mc,115,270257248.72940004
291Mc,115,271190265.14992
292Mc,115,272124161.57044
289Lv,116,269326988.97652
290Lv,116,270259145.39704
291Lv,116,271192754.81756
292Lv,116,272125204.23808
293Lv,116,273059118.65860003
291Ts,117,271196699.48520005
292Ts,117,272130042.90572
293Ts,117,273062513.32624
294Ts,117,273995865.74676
293Og,118,273066200.99388003
294Og,118,273998394.4144
295Og,118,274931765.83492
